{"stats":{"minecraft:mined":{"minecraft:crafting_table":1,"minecraft:grass":10,"chococraft:gysahl_green":4,"minecraft:grass_block":1,"minecraft:oak_log":6,"minecraft:sunflower":3,"minecraft:sugar_cane":3,"minecraft:oak_leaves":1},"minecraft:used":{"waystones:waystone":1,"easy_npc:easy_npc_wand":3,"minecraft:sea_lantern":5,"minecraft:bricks":109,"alexsmobs:rainbow_glass":9,"minecraft:wooden_pickaxe":2,"mcwdoors:sliding_glass_door":1,"minecraft:stone_bricks":2,"minecraft:dirt":3,"minecraft:cobblestone":89,"minecraft:hay_block":27,"minecraft:crafting_table":1,"mcwdoors:spruce_classic_door":2,"minecraft:podzol":1,"minecraft:white_bed":1,"chococraft:gysahl_green":1,"minecraft:white_concrete":2,"easy_npc:humanoid_spawn_egg":6},"minecraft:custom":{"minecraft:time_since_rest":32575,"minecraft:waystone_activated":2,"minecraft:sprint_one_cm":136927,"minecraft:damage_taken":415,"minecraft:walk_one_cm":81327,"minecraft:mob_kills":1,"minecraft:drop":20,"minecraft:damage_dealt":395,"minecraft:swim_one_cm":13528,"minecraft:interact_with_crafting_table":1,"minecraft:fly_one_cm":413774,"minecraft:play_time":59079,"minecraft:crouch_one_cm":1856,"minecraft:deaths":1,"minecraft:sneak_time":971,"minecraft:walk_under_water_one_cm":3326,"minecraft:jump":1156,"minecraft:leave_game":4,"minecraft:time_since_death":58492,"minecraft:walk_on_water_one_cm":6404,"minecraft:total_world_time":59079,"minecraft:sleep_in_bed":1,"minecraft:fall_one_cm":29960},"minecraft:crafted":{"minecraft:oak_planks":24,"minecraft:crafting_table":1,"minecraft:stick":4,"minecraft:wooden_pickaxe":1},"minecraft:picked_up":{"chococraft:loverly_gysahl_green":1,"minecraft:crafting_table":1,"minecraft:feather":2,"minecraft:leather":1,"minecraft:porkchop":2,"minecraft:oak_log":6,"chococraft:gysahl_green_seeds":4,"minecraft:carrot":2,"minecraft:dirt":1,"minecraft:string":1,"alexsmobs:animal_dictionary":1,"minecraft:arrow":2,"minecraft:bone":2,"chococraft:gysahl_green":4,"minecraft:wheat_seeds":2,"waystones:waystone":2,"alexsmobs:maggot":2,"minecraft:sugar_cane":6,"minecraft:sunflower":10},"minecraft:dropped":{"alexsmobs:maggot":2,"minecraft:porkchop":1,"minecraft:wheat_seeds":2,"alexsmobs:animal_dictionary":1,"minecraft:crafting_table":1,"minecraft:oak_planks":128,"minecraft:sunflower":7,"waystones:waystone":2,"minecraft:white_bed":1,"minecraft:carrot":2},"minecraft:killed":{"minecraft:skeleton":1}},"DataVersion":3120}