{"stats":{"minecraft:broken":{"minecraft:stone_pickaxe":1,"minecraft:wooden_axe":1},"minecraft:dropped":{"minecraft:stone_pickaxe":1},"minecraft:custom":{"minecraft:interact_with_furnace":15,"minecraft:mob_kills":9,"minecraft:interact_with_crafting_table":8,"minecraft:leave_game":2,"minecraft:time_since_death":43786,"minecraft:sleep_in_bed":1,"minecraft:time_since_rest":6625,"minecraft:sprint_one_cm":141148,"minecraft:damage_taken":419,"minecraft:walk_one_cm":94606,"minecraft:drop":1,"minecraft:damage_dealt":1587,"minecraft:swim_one_cm":5074,"minecraft:fly_one_cm":140133,"minecraft:crouch_one_cm":4020,"minecraft:play_time":43786,"minecraft:sneak_time":1536,"minecraft:walk_under_water_one_cm":696,"minecraft:jump":1004,"minecraft:walk_on_water_one_cm":4997,"minecraft:total_world_time":43786,"minecraft:fall_one_cm":29675},"minecraft:used":{"minecraft:cooked_mutton":4,"minecraft:stone_pickaxe":131,"minecraft:wooden_pickaxe":11,"minecraft:torch":5,"minecraft:dirt":12,"minecraft:mutton":2,"minecraft:crafting_table":4,"minecraft:snowball":5,"minecraft:wooden_axe":42,"minecraft:iron_pickaxe":42,"minecraft:stone_axe":5,"minecraft:pink_bed":1,"minecraft:furnace":3,"minecraft:cooked_porkchop":1,"minecraft:cooked_beef":2,"minecraft:pointed_dripstone":1},"minecraft:picked_up":{"minecraft:birch_log":20,"minecraft:crafting_table":3,"minecraft:andesite":2,"minecraft:leather":2,"minecraft:dirt":12,"minecraft:bone":1,"minecraft:beef":2,"minecraft:stone_pickaxe":1,"minecraft:light_gray_wool":1,"minecraft:furnace":2,"minecraft:pink_bed":1,"minecraft:raw_iron":47,"minecraft:pumpkin":2,"minecraft:torch":5,"minecraft:dripstone_block":3,"minecraft:pointed_dripstone":6,"minecraft:arrow":1,"minecraft:rotten_flesh":2,"minecraft:peony":4,"minecraft:gray_wool":1,"minecraft:black_wool":1,"minecraft:cobblestone":93,"minecraft:mutton":6,"minecraft:coal":38,"minecraft:snowball":17,"minecraft:white_wool":4},"minecraft:crafted":{"minecraft:cooked_beef":2,"minecraft:crafting_table":2,"minecraft:pink_bed":1,"minecraft:wooden_pickaxe":1,"minecraft:furnace":1,"minecraft:birch_planks":28,"minecraft:stone_axe":2,"minecraft:pink_dye":8,"minecraft:cooked_mutton":4,"minecraft:pink_wool":3,"minecraft:stick":16,"minecraft:iron_ingot":44,"minecraft:iron_pickaxe":1,"minecraft:stone_pickaxe":1,"minecraft:wooden_axe":1,"minecraft:torch":16},"minecraft:killed":{"minecraft:sheep":4,"minecraft:skeleton":1,"minecraft:zombie":2,"minecraft:cow":1},"minecraft:mined":{"minecraft:pink_bed":1,"minecraft:powder_snow":13,"minecraft:crafting_table":3,"minecraft:glow_lichen":1,"minecraft:torch":3,"minecraft:short_grass":1,"minecraft:grass_block":1,"minecraft:wall_torch":2,"minecraft:gray_wool":1,"minecraft:furnace":2,"minecraft:birch_log":20,"minecraft:iron_ore":47,"minecraft:andesite":2,"minecraft:birch_leaves":1,"minecraft:light_gray_wool":1,"minecraft:pumpkin":3,"minecraft:peony":4,"minecraft:black_wool":1,"minecraft:pointed_dripstone":2,"minecraft:coal_ore":39,"minecraft:dripstone_block":1,"minecraft:dirt":2,"minecraft:stone":90}},"DataVersion":3953}