{"stats":{"minecraft:broken":{"minecraft:stone_pickaxe":1,"minecraft:stone_axe":1,"minecraft:wooden_axe":1},"minecraft:dropped":{"minecraft:birch_planks":3,"minecraft:dripstone_block":8,"minecraft:cooked_porkchop":6,"minecraft:leather":4,"minecraft:iron_pickaxe":1,"minecraft:dark_oak_planks":8,"minecraft:bone":7,"minecraft:sugar_cane":10,"minecraft:blaze_rod":3,"minecraft:rotten_flesh":2,"minecraft:gunpowder":1,"minecraft:andesite":2,"minecraft:stone_pickaxe":1},"minecraft:custom":{"minecraft:mob_kills":38,"minecraft:interact_with_crafting_table":13,"minecraft:leave_game":3,"minecraft:time_since_death":5792,"minecraft:sprint_one_cm":387395,"minecraft:walk_one_cm":209672,"minecraft:drop":24,"minecraft:play_time":107230,"minecraft:deaths":2,"minecraft:sneak_time":3296,"minecraft:walk_under_water_one_cm":4735,"minecraft:jump":2787,"minecraft:walk_on_water_one_cm":14544,"minecraft:total_world_time":107230,"minecraft:interact_with_furnace":15,"minecraft:sleep_in_bed":1,"minecraft:time_since_rest":6194,"minecraft:damage_taken":2161,"minecraft:damage_dealt":7511,"minecraft:swim_one_cm":34495,"minecraft:fly_one_cm":486202,"minecraft:open_chest":4,"minecraft:crouch_one_cm":11612,"minecraft:fall_one_cm":73529},"minecraft:used":{"minecraft:nether_brick_fence":1,"minecraft:chest":1,"minecraft:netherrack":1,"minecraft:iron_chestplate":1,"minecraft:torch":20,"minecraft:dirt":16,"minecraft:mutton":2,"minecraft:nether_bricks":15,"minecraft:snowball":5,"minecraft:obsidian":6,"minecraft:wooden_axe":42,"minecraft:iron_helmet":1,"minecraft:iron_boots":1,"minecraft:furnace":3,"minecraft:cooked_beef":2,"minecraft:iron_leggings":1,"minecraft:pointed_dripstone":1,"minecraft:cooked_mutton":4,"minecraft:emerald_ore":7,"minecraft:stone_pickaxe":131,"minecraft:wooden_pickaxe":18,"minecraft:crafting_table":4,"minecraft:dripstone_block":3,"minecraft:diamond_pickaxe":36,"minecraft:wind_charge":14,"minecraft:iron_pickaxe":126,"minecraft:stone_axe":119,"minecraft:pink_bed":2,"minecraft:diamond_sword":52,"minecraft:cobblestone":87,"minecraft:cooked_porkchop":18},"minecraft:picked_up":{"minecraft:crafting_table":3,"minecraft:nether_brick_fence":3,"minecraft:wooden_pickaxe":1,"minecraft:string":2,"minecraft:raw_copper":13,"minecraft:spruce_planks":17,"minecraft:beef":2,"minecraft:azalea":5,"minecraft:iron_pickaxe":2,"minecraft:light_gray_wool":1,"minecraft:sugar_cane":15,"minecraft:furnace":2,"minecraft:raw_iron":54,"minecraft:big_dripleaf":27,"minecraft:torch":33,"minecraft:porkchop":6,"minecraft:pointed_dripstone":13,"minecraft:dark_oak_planks":8,"minecraft:arrow":5,"minecraft:rotten_flesh":10,"minecraft:peony":4,"minecraft:nether_bricks":15,"minecraft:blaze_rod":3,"minecraft:mutton":12,"minecraft:glow_berries":3,"minecraft:obsidian":6,"minecraft:cobblestone":237,"minecraft:white_wool":11,"minecraft:snowball":29,"minecraft:emerald_ore":1,"minecraft:birch_log":33,"minecraft:magma_block":1,"minecraft:andesite":2,"minecraft:leather":10,"minecraft:birch_planks":5,"minecraft:crimson_fungus":1,"minecraft:gunpowder":1,"minecraft:dirt":16,"minecraft:bone":15,"minecraft:bow":1,"minecraft:stone_pickaxe":1,"minecraft:iron_ingot":41,"minecraft:flowering_azalea":11,"minecraft:pink_bed":1,"minecraft:cooked_porkchop":67,"minecraft:pumpkin":4,"minecraft:dripstone_block":14,"minecraft:dark_oak_log":1,"minecraft:diamond":65,"minecraft:stone_axe":2,"minecraft:gray_wool":1,"minecraft:emerald":1,"minecraft:black_wool":1,"minecraft:netherrack":20,"minecraft:coal":41,"minecraft:pink_dye":5,"minecraft:crimson_roots":3},"minecraft:crafted":{"minecraft:pink_bed":1,"minecraft:furnace":1,"minecraft:pink_dye":8,"minecraft:cooked_mutton":4,"minecraft:iron_boots":1,"minecraft:stone_pickaxe":1,"minecraft:chest":1,"minecraft:dark_oak_planks":4,"minecraft:cooked_beef":2,"minecraft:diamond_sword":1,"minecraft:crafting_table":2,"minecraft:wooden_pickaxe":1,"minecraft:iron_helmet":1,"minecraft:birch_planks":80,"minecraft:stone_axe":2,"minecraft:iron_chestplate":1,"minecraft:pink_wool":3,"minecraft:diamond_pickaxe":1,"minecraft:stick":20,"minecraft:iron_ingot":44,"minecraft:iron_pickaxe":1,"minecraft:wooden_axe":1,"minecraft:iron_leggings":1,"minecraft:torch":16},"minecraft:killed":{"minecraft:spider":1,"minecraft:skeleton":5,"minecraft:pig":2,"minecraft:hoglin":2,"minecraft:creeper":2,"minecraft:sheep":8,"minecraft:zombie":10,"minecraft:cow":3,"minecraft:blaze":4},"minecraft:mined":{"minecraft:pink_bed":1,"minecraft:dark_oak_log":1,"minecraft:obsidian":6,"minecraft:glow_lichen":1,"minecraft:nether_bricks":11,"minecraft:grass_block":2,"minecraft:crimson_roots":10,"minecraft:crimson_fungus":1,"minecraft:magma_block":1,"minecraft:furnace":2,"minecraft:iron_ore":54,"minecraft:fire":2,"minecraft:andesite":2,"minecraft:pumpkin":3,"minecraft:peony":4,"minecraft:big_dripleaf_stem":6,"minecraft:nether_brick_fence":2,"minecraft:pointed_dripstone":2,"minecraft:azalea":5,"minecraft:stone":149,"minecraft:flowering_azalea":8,"minecraft:powder_snow":14,"minecraft:crafting_table":3,"minecraft:torch":8,"minecraft:short_grass":7,"minecraft:emerald_ore":1,"minecraft:mushroom_stem":4,"minecraft:tall_grass":1,"minecraft:copper_ore":3,"minecraft:cobblestone":3,"minecraft:sugar_cane":3,"minecraft:wall_torch":7,"minecraft:big_dripleaf":5,"minecraft:gray_wool":1,"minecraft:birch_log":20,"minecraft:birch_leaves":2,"minecraft:light_gray_wool":1,"minecraft:stone_brick_stairs":1,"minecraft:black_wool":1,"minecraft:coal_ore":42,"minecraft:dripstone_block":9,"minecraft:dirt":5,"minecraft:red_mushroom_block":7,"minecraft:small_dripleaf":3,"minecraft:netherrack":14,"minecraft:oak_leaves":4},"minecraft:killed_by":{"minecraft:skeleton":1}},"DataVersion":3953}