{"stats":{"minecraft:broken":{"minecraft:stone_pickaxe":1,"minecraft:wooden_axe":1},"minecraft:dropped":{"minecraft:andesite":2,"minecraft:stone_pickaxe":1},"minecraft:custom":{"minecraft:interact_with_furnace":15,"minecraft:mob_kills":18,"minecraft:interact_with_crafting_table":8,"minecraft:leave_game":2,"minecraft:time_since_death":4040,"minecraft:sleep_in_bed":1,"minecraft:time_since_rest":4063,"minecraft:sprint_one_cm":177423,"minecraft:damage_taken":909,"minecraft:walk_one_cm":113556,"minecraft:drop":3,"minecraft:damage_dealt":3462,"minecraft:swim_one_cm":5074,"minecraft:fly_one_cm":215900,"minecraft:crouch_one_cm":4323,"minecraft:play_time":53237,"minecraft:deaths":1,"minecraft:sneak_time":1711,"minecraft:walk_under_water_one_cm":1029,"minecraft:jump":1199,"minecraft:walk_on_water_one_cm":8346,"minecraft:total_world_time":53237,"minecraft:fall_one_cm":33885},"minecraft:used":{"minecraft:cooked_mutton":4,"minecraft:emerald_ore":7,"minecraft:stone_pickaxe":131,"minecraft:wooden_pickaxe":11,"minecraft:torch":8,"minecraft:dirt":12,"minecraft:mutton":2,"minecraft:crafting_table":4,"minecraft:snowball":5,"minecraft:wooden_axe":42,"minecraft:iron_pickaxe":47,"minecraft:stone_axe":64,"minecraft:pink_bed":2,"minecraft:furnace":3,"minecraft:cooked_porkchop":3,"minecraft:cooked_beef":2,"minecraft:pointed_dripstone":1},"minecraft:picked_up":{"minecraft:birch_log":33,"minecraft:crafting_table":3,"minecraft:andesite":2,"minecraft:leather":4,"minecraft:wooden_pickaxe":1,"minecraft:birch_planks":3,"minecraft:gunpowder":1,"minecraft:string":2,"minecraft:dirt":12,"minecraft:bone":6,"minecraft:bow":1,"minecraft:iron_ingot":41,"minecraft:beef":2,"minecraft:stone_pickaxe":1,"minecraft:azalea":2,"minecraft:iron_pickaxe":1,"minecraft:light_gray_wool":1,"minecraft:flowering_azalea":7,"minecraft:furnace":2,"minecraft:pink_bed":1,"minecraft:raw_iron":47,"minecraft:cooked_porkchop":64,"minecraft:pumpkin":4,"minecraft:big_dripleaf":26,"minecraft:torch":22,"minecraft:dripstone_block":6,"minecraft:pointed_dripstone":11,"minecraft:arrow":5,"minecraft:rotten_flesh":4,"minecraft:diamond":65,"minecraft:stone_axe":2,"minecraft:peony":4,"minecraft:gray_wool":1,"minecraft:emerald":1,"minecraft:glow_berries":1,"minecraft:pink_dye":5,"minecraft:emerald_ore":1,"minecraft:black_wool":1,"minecraft:cobblestone":171,"minecraft:mutton":6,"minecraft:coal":38,"minecraft:snowball":29,"minecraft:white_wool":8},"minecraft:crafted":{"minecraft:cooked_beef":2,"minecraft:crafting_table":2,"minecraft:pink_bed":1,"minecraft:wooden_pickaxe":1,"minecraft:furnace":1,"minecraft:birch_planks":28,"minecraft:stone_axe":2,"minecraft:pink_dye":8,"minecraft:cooked_mutton":4,"minecraft:pink_wool":3,"minecraft:stick":16,"minecraft:iron_ingot":44,"minecraft:iron_pickaxe":1,"minecraft:stone_pickaxe":1,"minecraft:wooden_axe":1,"minecraft:torch":16},"minecraft:killed":{"minecraft:spider":1,"minecraft:creeper":1,"minecraft:sheep":4,"minecraft:skeleton":4,"minecraft:zombie":6,"minecraft:cow":1},"minecraft:mined":{"minecraft:flowering_azalea":4,"minecraft:pink_bed":1,"minecraft:powder_snow":13,"minecraft:crafting_table":3,"minecraft:glow_lichen":1,"minecraft:torch":4,"minecraft:short_grass":6,"minecraft:emerald_ore":1,"minecraft:grass_block":1,"minecraft:tall_grass":1,"minecraft:wall_torch":3,"minecraft:big_dripleaf":4,"minecraft:gray_wool":1,"minecraft:furnace":2,"minecraft:birch_log":20,"minecraft:iron_ore":47,"minecraft:andesite":2,"minecraft:birch_leaves":1,"minecraft:light_gray_wool":1,"minecraft:pumpkin":3,"minecraft:big_dripleaf_stem":6,"minecraft:peony":4,"minecraft:black_wool":1,"minecraft:pointed_dripstone":2,"minecraft:coal_ore":39,"minecraft:dripstone_block":1,"minecraft:dirt":2,"minecraft:azalea":2,"minecraft:stone":91,"minecraft:small_dripleaf":3},"minecraft:killed_by":{"minecraft:skeleton":1}},"DataVersion":3953}