{"stats":{"minecraft:mined":{"minecraft:crafting_table":1,"minecraft:grass":10,"chococraft:gysahl_green":4,"minecraft:grass_block":1,"minecraft:oak_log":6,"minecraft:sunflower":3,"minecraft:sugar_cane":3,"minecraft:oak_leaves":1},"minecraft:used":{"mcwbridges:mud_brick_bridge":24,"mcwbridges:rope_birch_bridge":24,"waystones:waystone":2,"easy_npc:easy_npc_wand":3,"minecraft:sea_lantern":5,"minecraft:bricks":109,"alexsmobs:rainbow_glass":9,"mcwbridges:glass_bridge_stair":1,"alexsmobs:platypus_bucket":18,"minecraft:wooden_pickaxe":2,"minecraft:stone":247,"chipped:clear_leaded_glass":225,"mcwdoors:sliding_glass_door":1,"minecraft:stone_bricks":2,"minecraft:anvil":1,"minecraft:dirt":5,"minecraft:cobblestone":89,"minecraft:hay_block":27,"minecraft:crafting_table":1,"mcwdoors:spruce_classic_door":2,"minecraft:podzol":1,"alexsmobs:animal_dictionary":3,"minecraft:white_bed":1,"chococraft:gysahl_green":1,"minecraft:white_concrete":600,"easy_npc:humanoid_spawn_egg":8},"minecraft:custom":{"minecraft:time_since_rest":74575,"minecraft:waystone_activated":4,"minecraft:sprint_one_cm":162174,"minecraft:damage_taken":415,"minecraft:walk_one_cm":137394,"minecraft:interact_with_anvil":1,"minecraft:mob_kills":1,"minecraft:drop":25,"minecraft:damage_dealt":395,"minecraft:swim_one_cm":13528,"minecraft:interact_with_crafting_table":1,"minecraft:fly_one_cm":962565,"minecraft:play_time":101079,"minecraft:crouch_one_cm":11778,"minecraft:deaths":1,"minecraft:sneak_time":4562,"minecraft:walk_under_water_one_cm":17467,"minecraft:jump":1350,"minecraft:leave_game":4,"minecraft:time_since_death":100492,"minecraft:walk_on_water_one_cm":33377,"minecraft:total_world_time":101079,"minecraft:sleep_in_bed":1,"minecraft:fall_one_cm":30796},"minecraft:crafted":{"minecraft:oak_planks":24,"minecraft:crafting_table":1,"minecraft:stick":4,"minecraft:wooden_pickaxe":1},"minecraft:picked_up":{"chococraft:loverly_gysahl_green":1,"minecraft:crafting_table":1,"minecraft:feather":2,"minecraft:leather":1,"minecraft:porkchop":2,"minecraft:oak_log":6,"chococraft:gysahl_green_seeds":4,"minecraft:carrot":2,"minecraft:dirt":1,"minecraft:string":1,"alexsmobs:animal_dictionary":2,"minecraft:arrow":2,"minecraft:bone":2,"chococraft:gysahl_green":4,"minecraft:wheat_seeds":2,"waystones:waystone":2,"alexsmobs:maggot":2,"minecraft:sugar_cane":6,"minecraft:sunflower":10},"minecraft:dropped":{"minecraft:bricks":1,"minecraft:stone":128,"alexsmobs:maggot":2,"minecraft:porkchop":2,"minecraft:wheat_seeds":2,"alexsmobs:animal_dictionary":1,"minecraft:crafting_table":1,"smallships:dark_oak_drakkar":1,"minecraft:oak_planks":128,"minecraft:sunflower":7,"waystones:waystone":2,"minecraft:white_bed":1,"minecraft:carrot":2},"minecraft:killed":{"minecraft:skeleton":1}},"DataVersion":3120}