{"stats":{"minecraft:mined":{"minecraft:crafting_table":1,"minecraft:grass":8,"chococraft:gysahl_green":4,"minecraft:oak_log":6,"minecraft:sunflower":3,"minecraft:sugar_cane":3,"minecraft:oak_leaves":1},"minecraft:crafted":{"minecraft:oak_planks":24,"minecraft:crafting_table":1,"minecraft:stick":4,"minecraft:wooden_pickaxe":1},"minecraft:picked_up":{"chococraft:loverly_gysahl_green":1,"minecraft:crafting_table":1,"minecraft:feather":2,"minecraft:oak_log":6,"chococraft:gysahl_green_seeds":4,"minecraft:carrot":2,"alexsmobs:animal_dictionary":1,"minecraft:arrow":2,"minecraft:bone":2,"chococraft:gysahl_green":4,"minecraft:wheat_seeds":2,"waystones:waystone":1,"alexsmobs:maggot":2,"minecraft:sugar_cane":6,"minecraft:sunflower":7},"minecraft:dropped":{"alexsmobs:maggot":2,"minecraft:wheat_seeds":2,"minecraft:sunflower":7,"minecraft:carrot":1},"minecraft:killed":{"minecraft:skeleton":1},"minecraft:custom":{"minecraft:time_since_rest":14343,"minecraft:waystone_activated":1,"minecraft:sprint_one_cm":52968,"minecraft:damage_taken":335,"minecraft:walk_one_cm":29331,"minecraft:mob_kills":1,"minecraft:drop":11,"minecraft:damage_dealt":385,"minecraft:swim_one_cm":743,"minecraft:interact_with_crafting_table":1,"minecraft:fly_one_cm":137457,"minecraft:crouch_one_cm":1174,"minecraft:play_time":14905,"minecraft:deaths":1,"minecraft:sneak_time":293,"minecraft:walk_under_water_one_cm":361,"minecraft:jump":453,"minecraft:time_since_death":14318,"minecraft:walk_on_water_one_cm":2161,"minecraft:total_world_time":14905,"minecraft:fall_one_cm":14854},"minecraft:used":{"minecraft:wooden_pickaxe":2,"mcwdoors:sliding_glass_door":1,"minecraft:stone_bricks":2,"minecraft:crafting_table":1,"mcwdoors:spruce_classic_door":2,"minecraft:white_concrete":2}},"DataVersion":3120}