{"stats":{"minecraft:broken":{"minecraft:stone_pickaxe":1,"minecraft:wooden_axe":1},"minecraft:dropped":{"minecraft:andesite":2,"minecraft:stone_pickaxe":1,"minecraft:iron_pickaxe":1},"minecraft:custom":{"minecraft:interact_with_furnace":15,"minecraft:mob_kills":24,"minecraft:interact_with_crafting_table":8,"minecraft:leave_game":2,"minecraft:time_since_death":22040,"minecraft:sleep_in_bed":1,"minecraft:time_since_rest":22063,"minecraft:sprint_one_cm":252993,"minecraft:damage_taken":1084,"minecraft:walk_one_cm":134760,"minecraft:drop":4,"minecraft:damage_dealt":4370,"minecraft:swim_one_cm":20187,"minecraft:fly_one_cm":302900,"minecraft:crouch_one_cm":4546,"minecraft:play_time":71237,"minecraft:deaths":1,"minecraft:sneak_time":1879,"minecraft:walk_under_water_one_cm":3501,"minecraft:jump":1831,"minecraft:walk_on_water_one_cm":13300,"minecraft:total_world_time":71237,"minecraft:fall_one_cm":50550},"minecraft:used":{"minecraft:cooked_mutton":4,"minecraft:emerald_ore":7,"minecraft:stone_pickaxe":131,"minecraft:wooden_pickaxe":17,"minecraft:torch":15,"minecraft:dirt":16,"minecraft:mutton":2,"minecraft:crafting_table":4,"minecraft:dripstone_block":3,"minecraft:snowball":5,"minecraft:wooden_axe":42,"minecraft:iron_pickaxe":122,"minecraft:stone_axe":90,"minecraft:pink_bed":2,"minecraft:cobblestone":68,"minecraft:furnace":3,"minecraft:cooked_porkchop":7,"minecraft:cooked_beef":2,"minecraft:pointed_dripstone":1},"minecraft:picked_up":{"minecraft:birch_log":33,"minecraft:crafting_table":3,"minecraft:andesite":2,"minecraft:leather":4,"minecraft:wooden_pickaxe":1,"minecraft:birch_planks":3,"minecraft:gunpowder":1,"minecraft:string":2,"minecraft:dirt":16,"minecraft:raw_copper":13,"minecraft:bone":8,"minecraft:bow":1,"minecraft:iron_ingot":41,"minecraft:beef":2,"minecraft:stone_pickaxe":1,"minecraft:azalea":5,"minecraft:iron_pickaxe":2,"minecraft:light_gray_wool":1,"minecraft:sugar_cane":5,"minecraft:flowering_azalea":11,"minecraft:furnace":2,"minecraft:pink_bed":1,"minecraft:raw_iron":54,"minecraft:cooked_porkchop":64,"minecraft:pumpkin":4,"minecraft:big_dripleaf":27,"minecraft:torch":29,"minecraft:dripstone_block":14,"minecraft:porkchop":6,"minecraft:pointed_dripstone":13,"minecraft:arrow":5,"minecraft:rotten_flesh":4,"minecraft:diamond":65,"minecraft:stone_axe":2,"minecraft:peony":4,"minecraft:gray_wool":1,"minecraft:emerald":1,"minecraft:glow_berries":3,"minecraft:pink_dye":5,"minecraft:emerald_ore":1,"minecraft:black_wool":1,"minecraft:cobblestone":226,"minecraft:mutton":9,"minecraft:coal":41,"minecraft:snowball":29,"minecraft:white_wool":10},"minecraft:crafted":{"minecraft:cooked_beef":2,"minecraft:crafting_table":2,"minecraft:pink_bed":1,"minecraft:wooden_pickaxe":1,"minecraft:furnace":1,"minecraft:birch_planks":28,"minecraft:stone_axe":2,"minecraft:pink_dye":8,"minecraft:cooked_mutton":4,"minecraft:pink_wool":3,"minecraft:stick":16,"minecraft:iron_ingot":44,"minecraft:iron_pickaxe":1,"minecraft:stone_pickaxe":1,"minecraft:wooden_axe":1,"minecraft:torch":16},"minecraft:killed":{"minecraft:pig":2,"minecraft:spider":1,"minecraft:creeper":1,"minecraft:sheep":6,"minecraft:skeleton":5,"minecraft:zombie":7,"minecraft:cow":1},"minecraft:mined":{"minecraft:flowering_azalea":8,"minecraft:pink_bed":1,"minecraft:powder_snow":13,"minecraft:crafting_table":3,"minecraft:glow_lichen":1,"minecraft:torch":7,"minecraft:short_grass":7,"minecraft:emerald_ore":1,"minecraft:grass_block":2,"minecraft:copper_ore":3,"minecraft:tall_grass":1,"minecraft:sugar_cane":3,"minecraft:wall_torch":3,"minecraft:big_dripleaf":5,"minecraft:gray_wool":1,"minecraft:furnace":2,"minecraft:birch_log":20,"minecraft:iron_ore":54,"minecraft:andesite":2,"minecraft:birch_leaves":2,"minecraft:light_gray_wool":1,"minecraft:pumpkin":3,"minecraft:big_dripleaf_stem":6,"minecraft:peony":4,"minecraft:black_wool":1,"minecraft:pointed_dripstone":2,"minecraft:coal_ore":42,"minecraft:dripstone_block":9,"minecraft:dirt":5,"minecraft:azalea":5,"minecraft:stone":146,"minecraft:small_dripleaf":3,"minecraft:oak_leaves":4},"minecraft:killed_by":{"minecraft:skeleton":1}},"DataVersion":3953}