{"stats":{"minecraft:custom":{"minecraft:jump":18,"minecraft:time_since_rest":2343,"minecraft:waystone_activated":1,"minecraft:crouch_one_cm":763,"minecraft:deaths":1,"minecraft:sprint_one_cm":1700,"minecraft:play_time":2905,"minecraft:damage_taken":250,"minecraft:time_since_death":2318,"minecraft:walk_one_cm":5854,"minecraft:sneak_time":170,"minecraft:total_world_time":2905,"minecraft:fall_one_cm":2984,"minecraft:fly_one_cm":21708},"minecraft:used":{"minecraft:white_concrete":2}},"DataVersion":3120}