{"stats":{"minecraft:broken":{"minecraft:stone_pickaxe":1,"minecraft:stone_axe":1,"minecraft:wooden_axe":1},"minecraft:dropped":{"minecraft:andesite":2,"minecraft:stone_pickaxe":1,"minecraft:iron_pickaxe":1},"minecraft:custom":{"minecraft:interact_with_furnace":15,"minecraft:mob_kills":31,"minecraft:interact_with_crafting_table":8,"minecraft:leave_game":2,"minecraft:time_since_death":34040,"minecraft:sleep_in_bed":1,"minecraft:time_since_rest":34063,"minecraft:sprint_one_cm":333849,"minecraft:damage_taken":1419,"minecraft:walk_one_cm":151918,"minecraft:drop":4,"minecraft:damage_dealt":5459,"minecraft:swim_one_cm":32600,"minecraft:fly_one_cm":392012,"minecraft:crouch_one_cm":4756,"minecraft:play_time":83237,"minecraft:deaths":1,"minecraft:sneak_time":1932,"minecraft:walk_under_water_one_cm":4596,"minecraft:jump":2352,"minecraft:walk_on_water_one_cm":14435,"minecraft:total_world_time":83237,"minecraft:fall_one_cm":67232},"minecraft:used":{"minecraft:cooked_mutton":4,"minecraft:emerald_ore":7,"minecraft:stone_pickaxe":131,"minecraft:wooden_pickaxe":17,"minecraft:torch":15,"minecraft:dirt":16,"minecraft:mutton":2,"minecraft:crafting_table":4,"minecraft:dripstone_block":3,"minecraft:snowball":5,"minecraft:wooden_axe":42,"minecraft:iron_pickaxe":125,"minecraft:stone_axe":114,"minecraft:pink_bed":2,"minecraft:cobblestone":76,"minecraft:furnace":3,"minecraft:cooked_porkchop":11,"minecraft:cooked_beef":2,"minecraft:pointed_dripstone":1},"minecraft:picked_up":{"minecraft:birch_log":33,"minecraft:crafting_table":3,"minecraft:andesite":2,"minecraft:leather":6,"minecraft:wooden_pickaxe":1,"minecraft:birch_planks":3,"minecraft:gunpowder":1,"minecraft:string":2,"minecraft:dirt":16,"minecraft:raw_copper":13,"minecraft:bone":8,"minecraft:bow":1,"minecraft:iron_ingot":41,"minecraft:beef":2,"minecraft:stone_pickaxe":1,"minecraft:azalea":5,"minecraft:iron_pickaxe":2,"minecraft:light_gray_wool":1,"minecraft:sugar_cane":5,"minecraft:flowering_azalea":11,"minecraft:furnace":2,"minecraft:pink_bed":1,"minecraft:raw_iron":54,"minecraft:cooked_porkchop":64,"minecraft:pumpkin":4,"minecraft:big_dripleaf":27,"minecraft:torch":29,"minecraft:dripstone_block":14,"minecraft:porkchop":6,"minecraft:pointed_dripstone":13,"minecraft:dark_oak_log":1,"minecraft:arrow":5,"minecraft:rotten_flesh":4,"minecraft:diamond":65,"minecraft:stone_axe":2,"minecraft:peony":4,"minecraft:gray_wool":1,"minecraft:emerald":1,"minecraft:glow_berries":3,"minecraft:pink_dye":5,"minecraft:emerald_ore":1,"minecraft:black_wool":1,"minecraft:cobblestone":229,"minecraft:mutton":12,"minecraft:coal":41,"minecraft:snowball":29,"minecraft:white_wool":11},"minecraft:crafted":{"minecraft:cooked_beef":2,"minecraft:crafting_table":2,"minecraft:pink_bed":1,"minecraft:wooden_pickaxe":1,"minecraft:furnace":1,"minecraft:birch_planks":28,"minecraft:stone_axe":2,"minecraft:pink_dye":8,"minecraft:cooked_mutton":4,"minecraft:pink_wool":3,"minecraft:stick":16,"minecraft:iron_ingot":44,"minecraft:iron_pickaxe":1,"minecraft:stone_pickaxe":1,"minecraft:wooden_axe":1,"minecraft:torch":16},"minecraft:killed":{"minecraft:pig":2,"minecraft:spider":1,"minecraft:creeper":1,"minecraft:sheep":8,"minecraft:skeleton":5,"minecraft:zombie":10,"minecraft:cow":3},"minecraft:mined":{"minecraft:flowering_azalea":8,"minecraft:pink_bed":1,"minecraft:dark_oak_log":1,"minecraft:powder_snow":14,"minecraft:crafting_table":3,"minecraft:glow_lichen":1,"minecraft:torch":7,"minecraft:short_grass":7,"minecraft:emerald_ore":1,"minecraft:grass_block":2,"minecraft:mushroom_stem":4,"minecraft:copper_ore":3,"minecraft:tall_grass":1,"minecraft:sugar_cane":3,"minecraft:wall_torch":3,"minecraft:big_dripleaf":5,"minecraft:gray_wool":1,"minecraft:furnace":2,"minecraft:birch_log":20,"minecraft:iron_ore":54,"minecraft:andesite":2,"minecraft:birch_leaves":2,"minecraft:light_gray_wool":1,"minecraft:pumpkin":3,"minecraft:big_dripleaf_stem":6,"minecraft:peony":4,"minecraft:black_wool":1,"minecraft:pointed_dripstone":2,"minecraft:coal_ore":42,"minecraft:dripstone_block":9,"minecraft:dirt":5,"minecraft:azalea":5,"minecraft:red_mushroom_block":7,"minecraft:stone":149,"minecraft:small_dripleaf":3,"minecraft:oak_leaves":4},"minecraft:killed_by":{"minecraft:skeleton":1}},"DataVersion":3953}