{"stats":{"minecraft:dropped":{"minecraft:stone_pickaxe":1},"minecraft:custom":{"minecraft:time_since_rest":22042,"minecraft:interact_with_furnace":11,"minecraft:sprint_one_cm":67497,"minecraft:damage_taken":154,"minecraft:walk_one_cm":58141,"minecraft:mob_kills":6,"minecraft:drop":1,"minecraft:damage_dealt":701,"minecraft:swim_one_cm":1524,"minecraft:interact_with_crafting_table":4,"minecraft:fly_one_cm":76771,"minecraft:crouch_one_cm":1581,"minecraft:play_time":22042,"minecraft:sneak_time":643,"minecraft:walk_under_water_one_cm":139,"minecraft:jump":617,"minecraft:walk_on_water_one_cm":2266,"minecraft:time_since_death":22042,"minecraft:total_world_time":22042,"minecraft:fall_one_cm":18486},"minecraft:crafted":{"minecraft:cooked_beef":2,"minecraft:pink_wool":3,"minecraft:crafting_table":1,"minecraft:stick":8,"minecraft:iron_pickaxe":1,"minecraft:iron_ingot":13,"minecraft:wooden_pickaxe":1,"minecraft:stone_pickaxe":1,"minecraft:wooden_axe":1,"minecraft:furnace":1,"minecraft:birch_planks":20,"minecraft:pink_dye":8,"minecraft:cooked_mutton":4},"minecraft:used":{"minecraft:cooked_mutton":2,"minecraft:wooden_axe":31,"minecraft:stone_pickaxe":99,"minecraft:wooden_pickaxe":7,"minecraft:dirt":10,"minecraft:mutton":2,"minecraft:crafting_table":1,"minecraft:furnace":2,"minecraft:snowball":5},"minecraft:killed":{"minecraft:sheep":4,"minecraft:cow":1},"minecraft:picked_up":{"minecraft:birch_log":20,"minecraft:crafting_table":1,"minecraft:raw_iron":15,"minecraft:pumpkin":2,"minecraft:leather":2,"minecraft:dripstone_block":2,"minecraft:dirt":12,"minecraft:peony":4,"minecraft:beef":2,"minecraft:stone_pickaxe":1,"minecraft:gray_wool":1,"minecraft:light_gray_wool":1,"minecraft:black_wool":1,"minecraft:mutton":6,"minecraft:coal":20,"minecraft:snowball":17,"minecraft:white_wool":4,"minecraft:cobblestone":71,"minecraft:furnace":2},"minecraft:mined":{"minecraft:gray_wool":1,"minecraft:furnace":2,"minecraft:iron_ore":15,"minecraft:birch_log":20,"minecraft:birch_leaves":1,"minecraft:powder_snow":13,"minecraft:light_gray_wool":1,"minecraft:pumpkin":3,"minecraft:crafting_table":1,"minecraft:peony":4,"minecraft:short_grass":1,"minecraft:black_wool":1,"minecraft:grass_block":1,"minecraft:coal_ore":20,"minecraft:dirt":2,"minecraft:stone":68}},"DataVersion":3953}