{"stats":{"minecraft:dropped":{"minecraft:stone_pickaxe":1},"minecraft:custom":{"minecraft:interact_with_furnace":11,"minecraft:mob_kills":9,"minecraft:interact_with_crafting_table":7,"minecraft:leave_game":1,"minecraft:time_since_death":33876,"minecraft:time_since_rest":33876,"minecraft:sprint_one_cm":107725,"minecraft:damage_taken":409,"minecraft:walk_one_cm":80582,"minecraft:drop":1,"minecraft:damage_dealt":1587,"minecraft:swim_one_cm":5074,"minecraft:fly_one_cm":104588,"minecraft:crouch_one_cm":3347,"minecraft:play_time":33876,"minecraft:sneak_time":1207,"minecraft:walk_under_water_one_cm":536,"minecraft:jump":864,"minecraft:walk_on_water_one_cm":4534,"minecraft:total_world_time":33876,"minecraft:fall_one_cm":26734},"minecraft:crafted":{"minecraft:cooked_beef":2,"minecraft:crafting_table":2,"minecraft:pink_bed":1,"minecraft:wooden_pickaxe":1,"minecraft:furnace":1,"minecraft:birch_planks":28,"minecraft:stone_axe":2,"minecraft:pink_dye":8,"minecraft:cooked_mutton":4,"minecraft:pink_wool":3,"minecraft:stick":16,"minecraft:iron_ingot":13,"minecraft:iron_pickaxe":1,"minecraft:stone_pickaxe":1,"minecraft:wooden_axe":1,"minecraft:torch":16},"minecraft:used":{"minecraft:cooked_mutton":4,"minecraft:stone_pickaxe":131,"minecraft:wooden_pickaxe":10,"minecraft:torch":5,"minecraft:dirt":12,"minecraft:mutton":2,"minecraft:crafting_table":4,"minecraft:snowball":5,"minecraft:wooden_axe":42,"minecraft:iron_pickaxe":17,"minecraft:stone_axe":5,"minecraft:pink_bed":1,"minecraft:furnace":2,"minecraft:cooked_beef":2,"minecraft:pointed_dripstone":1},"minecraft:killed":{"minecraft:sheep":4,"minecraft:skeleton":1,"minecraft:zombie":2,"minecraft:cow":1},"minecraft:picked_up":{"minecraft:birch_log":20,"minecraft:crafting_table":3,"minecraft:andesite":2,"minecraft:leather":2,"minecraft:dirt":12,"minecraft:bone":1,"minecraft:beef":2,"minecraft:stone_pickaxe":1,"minecraft:light_gray_wool":1,"minecraft:furnace":2,"minecraft:raw_iron":33,"minecraft:pumpkin":2,"minecraft:torch":5,"minecraft:dripstone_block":3,"minecraft:pointed_dripstone":3,"minecraft:arrow":1,"minecraft:rotten_flesh":2,"minecraft:peony":4,"minecraft:gray_wool":1,"minecraft:black_wool":1,"minecraft:cobblestone":85,"minecraft:mutton":6,"minecraft:coal":35,"minecraft:snowball":17,"minecraft:white_wool":4},"minecraft:broken":{"minecraft:stone_pickaxe":1,"minecraft:wooden_axe":1},"minecraft:mined":{"minecraft:powder_snow":13,"minecraft:crafting_table":3,"minecraft:glow_lichen":1,"minecraft:torch":3,"minecraft:short_grass":1,"minecraft:grass_block":1,"minecraft:wall_torch":2,"minecraft:gray_wool":1,"minecraft:furnace":2,"minecraft:birch_log":20,"minecraft:iron_ore":33,"minecraft:andesite":2,"minecraft:birch_leaves":1,"minecraft:light_gray_wool":1,"minecraft:pumpkin":3,"minecraft:peony":4,"minecraft:black_wool":1,"minecraft:pointed_dripstone":1,"minecraft:coal_ore":36,"minecraft:dripstone_block":1,"minecraft:dirt":2,"minecraft:stone":82}},"DataVersion":3953}