{"stats":{"minecraft:mined":{"minecraft:crafting_table":1,"minecraft:grass":10,"chococraft:gysahl_green":4,"minecraft:grass_block":1,"minecraft:oak_log":6,"minecraft:sunflower":3,"minecraft:sugar_cane":3,"minecraft:oak_leaves":1},"minecraft:crafted":{"minecraft:oak_planks":24,"minecraft:crafting_table":1,"minecraft:stick":4,"minecraft:wooden_pickaxe":1},"minecraft:picked_up":{"chococraft:loverly_gysahl_green":1,"minecraft:crafting_table":1,"minecraft:feather":2,"minecraft:leather":1,"minecraft:porkchop":2,"minecraft:oak_log":6,"chococraft:gysahl_green_seeds":4,"minecraft:carrot":2,"minecraft:dirt":1,"alexsmobs:animal_dictionary":1,"minecraft:arrow":2,"minecraft:bone":2,"chococraft:gysahl_green":4,"minecraft:wheat_seeds":2,"waystones:waystone":1,"alexsmobs:maggot":2,"minecraft:sugar_cane":6,"minecraft:sunflower":7},"minecraft:dropped":{"alexsmobs:maggot":2,"minecraft:wheat_seeds":2,"minecraft:sunflower":7,"minecraft:white_bed":1,"minecraft:carrot":2},"minecraft:killed":{"minecraft:skeleton":1},"minecraft:custom":{"minecraft:time_since_rest":401,"minecraft:waystone_activated":2,"minecraft:sprint_one_cm":109957,"minecraft:damage_taken":405,"minecraft:walk_one_cm":38820,"minecraft:mob_kills":1,"minecraft:drop":13,"minecraft:damage_dealt":385,"minecraft:swim_one_cm":13528,"minecraft:interact_with_crafting_table":1,"minecraft:fly_one_cm":294222,"minecraft:crouch_one_cm":1401,"minecraft:play_time":26905,"minecraft:deaths":1,"minecraft:sneak_time":639,"minecraft:walk_under_water_one_cm":3326,"minecraft:jump":886,"minecraft:time_since_death":26318,"minecraft:walk_on_water_one_cm":6404,"minecraft:sleep_in_bed":1,"minecraft:total_world_time":26905,"minecraft:fall_one_cm":27541},"minecraft:used":{"waystones:waystone":1,"minecraft:wooden_pickaxe":2,"mcwdoors:sliding_glass_door":1,"minecraft:stone_bricks":2,"minecraft:dirt":1,"minecraft:crafting_table":1,"mcwdoors:spruce_classic_door":2,"minecraft:podzol":1,"minecraft:white_bed":1,"minecraft:white_concrete":2,"easy_npc:humanoid_spawn_egg":1}},"DataVersion":3120}