{"stats":{"minecraft:broken":{"minecraft:stone_pickaxe":5,"minecraft:iron_pickaxe":1,"minecraft:wooden_pickaxe":1},"minecraft:dropped":{"minecraft:gravel":34,"minecraft:cobbled_deepslate":14,"minecraft:tuff":6,"minecraft:cobblestone":1,"minecraft:rotten_flesh":4,"minecraft:clay_ball":8,"minecraft:flint":2,"minecraft:diorite":26,"minecraft:andesite":7,"minecraft:stone_pickaxe":1,"minecraft:redstone":4},"minecraft:used":{"minecraft:stone_sword":1,"minecraft:stone_pickaxe":673,"minecraft:chest":4,"minecraft:spruce_planks":2,"minecraft:wooden_pickaxe":82,"minecraft:torch":49,"minecraft:glow_berries":8,"minecraft:dirt":12,"minecraft:crafting_table":4,"minecraft:lava_bucket":1,"minecraft:iron_pickaxe":250,"minecraft:gravel":2,"minecraft:stone_axe":40,"minecraft:cobblestone":124,"minecraft:sweet_berries":16,"minecraft:furnace":2,"minecraft:bucket":2,"minecraft:andesite":3,"minecraft:cobbled_deepslate":57,"minecraft:iron_leggings":1},"minecraft:custom":{"minecraft:interact_with_furnace":11,"minecraft:mob_kills":2,"minecraft:interact_with_crafting_table":18,"minecraft:leave_game":1,"minecraft:time_since_death":64485,"minecraft:time_since_rest":64507,"minecraft:sprint_one_cm":77850,"minecraft:damage_taken":382,"minecraft:walk_one_cm":133472,"minecraft:drop":27,"minecraft:damage_dealt":426,"minecraft:fly_one_cm":66087,"minecraft:open_chest":11,"minecraft:crouch_one_cm":19001,"minecraft:play_time":72852,"minecraft:deaths":1,"minecraft:sneak_time":8853,"minecraft:walk_under_water_one_cm":4424,"minecraft:jump":1111,"minecraft:walk_on_water_one_cm":2212,"minecraft:total_world_time":72852,"minecraft:fall_one_cm":9802},"minecraft:picked_up":{"minecraft:crafting_table":3,"minecraft:clay_ball":8,"minecraft:andesite":10,"minecraft:flint":4,"minecraft:tuff":6,"minecraft:lapis_lazuli":6,"minecraft:dirt":23,"minecraft:cobbled_deepslate":326,"minecraft:spruce_planks":2,"minecraft:stone_pickaxe":1,"minecraft:furnace":1,"minecraft:stick":1,"minecraft:raw_iron":41,"minecraft:sweet_berries":39,"minecraft:torch":11,"minecraft:gravel":36,"minecraft:spruce_sapling":1,"minecraft:diorite":26,"minecraft:spruce_log":40,"minecraft:redstone":4,"minecraft:dark_oak_log":1,"minecraft:rotten_flesh":4,"minecraft:diamond":27,"minecraft:glow_berries":8,"minecraft:coal":91,"minecraft:snowball":5,"minecraft:cobblestone":421},"minecraft:crafted":{"minecraft:crafting_table":1,"minecraft:spruce_planks":160,"minecraft:wooden_pickaxe":2,"minecraft:iron_helmet":1,"minecraft:furnace":1,"minecraft:bucket":1,"minecraft:stone_axe":1,"minecraft:air":0,"minecraft:iron_boots":1,"minecraft:iron_chestplate":1,"minecraft:diamond_pickaxe":1,"minecraft:shield":1,"minecraft:stick":56,"minecraft:iron_ingot":31,"minecraft:iron_pickaxe":1,"minecraft:stone_pickaxe":8,"minecraft:stone_sword":1,"minecraft:chest":4,"minecraft:iron_leggings":1,"minecraft:dark_oak_planks":4,"minecraft:torch":72},"minecraft:killed":{"minecraft:zombie_villager":1,"minecraft:zombie":1},"minecraft:mined":{"minecraft:deepslate_redstone_ore":1,"minecraft:tuff":6,"minecraft:spruce_planks":2,"minecraft:deepslate_diamond_ore":28,"minecraft:dark_oak_log":1,"minecraft:powder_snow":12,"minecraft:clay":2,"minecraft:crafting_table":3,"minecraft:torch":8,"minecraft:granite":1,"minecraft:grass_block":6,"minecraft:sculk_sensor":3,"minecraft:cobblestone":87,"minecraft:spruce_leaves":3,"minecraft:sculk":19,"minecraft:diorite":26,"minecraft:wall_torch":3,"minecraft:furnace":1,"minecraft:iron_ore":32,"minecraft:cobbled_deepslate":3,"minecraft:sweet_berry_bush":15,"minecraft:spruce_log":40,"minecraft:andesite":10,"minecraft:deepslate_lapis_ore":1,"minecraft:coal_ore":73,"minecraft:deepslate_iron_ore":9,"minecraft:gravel":27,"minecraft:dirt":16,"minecraft:stone":331,"minecraft:deepslate":327},"minecraft:killed_by":{"minecraft:skeleton":1}},"DataVersion":3953}