{"stats":{"minecraft:broken":{"minecraft:wooden_pickaxe":1,"minecraft:stone_pickaxe":6,"minecraft:iron_pickaxe":1},"minecraft:dropped":{"minecraft:iron_ingot":8,"minecraft:dripstone_block":8,"minecraft:diamond_leggings":1,"minecraft:netherite_upgrade_smithing_template":1,"minecraft:cobblestone":1,"minecraft:flint":2,"minecraft:gold_block":16,"minecraft:diorite":26,"minecraft:crimson_roots":2,"minecraft:gold_nugget":6,"minecraft:bone":1,"minecraft:redstone":4,"minecraft:gravel":34,"minecraft:ancient_debris":2,"minecraft:netherite_ingot":1,"minecraft:cobbled_deepslate":14,"minecraft:tuff":7,"minecraft:rotten_flesh":8,"minecraft:clay_ball":8,"minecraft:nether_brick_fence":2,"minecraft:nether_bricks":2,"minecraft:spruce_planks":17,"minecraft:andesite":7,"minecraft:golden_sword":4,"minecraft:stone_pickaxe":1,"minecraft:netherrack":9},"minecraft:custom":{"minecraft:mob_kills":65,"minecraft:interact_with_crafting_table":20,"minecraft:leave_game":1,"minecraft:time_since_death":112485,"minecraft:sprint_one_cm":217728,"minecraft:walk_one_cm":250423,"minecraft:damage_blocked_by_shield":989,"minecraft:drop":59,"minecraft:play_time":120852,"minecraft:deaths":1,"minecraft:sneak_time":15974,"minecraft:walk_under_water_one_cm":4424,"minecraft:jump":2182,"minecraft:walk_on_water_one_cm":3397,"minecraft:total_world_time":120852,"minecraft:interact_with_furnace":14,"minecraft:time_since_rest":112507,"minecraft:damage_taken":1295,"minecraft:damage_absorbed":39,"minecraft:damage_dealt":13518,"minecraft:fly_one_cm":227713,"minecraft:open_chest":22,"minecraft:crouch_one_cm":38482,"minecraft:fall_one_cm":31664},"minecraft:used":{"minecraft:stone_sword":52,"minecraft:spruce_planks":2,"minecraft:chest":4,"minecraft:shield":28,"minecraft:rotten_flesh":10,"minecraft:netherrack":7,"minecraft:torch":70,"minecraft:soul_sand":1,"minecraft:dirt":12,"minecraft:nether_bricks":3,"minecraft:tuff":9,"minecraft:lava_bucket":1,"minecraft:sweet_berries":39,"minecraft:soul_soil":1,"minecraft:furnace":2,"minecraft:cobbled_deepslate":90,"minecraft:iron_leggings":1,"minecraft:water_bucket":1,"minecraft:stone_pickaxe":808,"minecraft:blackstone":3,"minecraft:wooden_pickaxe":82,"minecraft:polished_blackstone_bricks":20,"minecraft:golden_apple":1,"minecraft:glow_berries":8,"minecraft:crafting_table":5,"minecraft:diamond_pickaxe":184,"minecraft:cracked_polished_blackstone_bricks":24,"minecraft:bread":4,"minecraft:iron_pickaxe":250,"minecraft:gravel":2,"minecraft:stone_axe":40,"minecraft:diamond_sword":192,"minecraft:cobblestone":253,"minecraft:porkchop":2,"minecraft:cooked_porkchop":3,"minecraft:andesite":3,"minecraft:bucket":2},"minecraft:picked_up":{"minecraft:crafting_table":3,"minecraft:nether_brick_fence":2,"minecraft:clay_ball":8,"minecraft:gold_block":16,"minecraft:golden_sword":4,"minecraft:string":4,"minecraft:soul_soil":1,"minecraft:blackstone":5,"minecraft:gold_nugget":21,"minecraft:cobbled_deepslate":444,"minecraft:spruce_planks":2,"minecraft:furnace":1,"minecraft:raw_iron":50,"minecraft:stick":1,"minecraft:torch":12,"minecraft:porkchop":2,"minecraft:polished_blackstone_bricks":53,"minecraft:golden_axe":1,"minecraft:diorite":26,"minecraft:redstone":8,"minecraft:arrow":6,"minecraft:rotten_flesh":22,"minecraft:nether_bricks":5,"minecraft:gold_ingot":1,"minecraft:blaze_rod":11,"minecraft:glow_berries":8,"minecraft:snowball":5,"minecraft:cobblestone":422,"minecraft:andesite":10,"minecraft:flint":4,"minecraft:tuff":16,"minecraft:gunpowder":1,"minecraft:lapis_lazuli":6,"minecraft:dirt":23,"minecraft:bone":3,"minecraft:stone_pickaxe":1,"minecraft:soul_sand":1,"minecraft:cooked_porkchop":3,"minecraft:sweet_berries":39,"minecraft:dripstone_block":8,"minecraft:gravel":36,"minecraft:spruce_sapling":1,"minecraft:spruce_log":40,"minecraft:dark_oak_log":1,"minecraft:spider_eye":2,"minecraft:diamond":41,"minecraft:cracked_polished_blackstone_bricks":48,"minecraft:bread":15,"minecraft:netherrack":16,"minecraft:coal":91,"minecraft:crimson_roots":2},"minecraft:crafted":{"minecraft:blaze_powder":22,"minecraft:furnace":1,"minecraft:iron_boots":1,"minecraft:stone_pickaxe":8,"minecraft:chest":4,"minecraft:dark_oak_planks":4,"minecraft:diamond_sword":1,"minecraft:crafting_table":2,"minecraft:spruce_planks":160,"minecraft:wooden_pickaxe":2,"minecraft:iron_helmet":1,"minecraft:bucket":1,"minecraft:stone_axe":1,"minecraft:bread":1,"minecraft:air":0,"minecraft:iron_chestplate":1,"minecraft:diamond_pickaxe":1,"minecraft:shield":1,"minecraft:stick":56,"minecraft:iron_ingot":35,"minecraft:iron_pickaxe":1,"minecraft:stone_sword":1,"minecraft:iron_leggings":1,"minecraft:torch":72},"minecraft:killed":{"minecraft:zombified_piglin":28,"minecraft:spider":5,"minecraft:skeleton":4,"minecraft:piglin_brute":2,"minecraft:piglin":7,"minecraft:zombie_villager":1,"minecraft:creeper":1,"minecraft:zombie":3,"minecraft:blaze":14},"minecraft:mined":{"minecraft:tuff":16,"minecraft:spruce_planks":2,"minecraft:deepslate_diamond_ore":42,"minecraft:dark_oak_log":1,"minecraft:nether_bricks":10,"minecraft:granite":1,"minecraft:grass_block":6,"minecraft:crimson_roots":3,"minecraft:cracked_polished_blackstone_bricks":51,"minecraft:soul_soil":1,"minecraft:spruce_leaves":3,"minecraft:spawner":2,"minecraft:polished_blackstone_bricks":54,"minecraft:furnace":1,"minecraft:cobbled_deepslate":4,"minecraft:iron_ore":32,"minecraft:fire":24,"minecraft:andesite":10,"minecraft:deepslate_lapis_ore":1,"minecraft:gold_block":16,"minecraft:nether_brick_fence":1,"minecraft:deepslate_iron_ore":18,"minecraft:stone":331,"minecraft:deepslate_redstone_ore":2,"minecraft:blackstone":6,"minecraft:soul_sand":1,"minecraft:soul_fire":1,"minecraft:basalt":1,"minecraft:powder_snow":12,"minecraft:crafting_table":3,"minecraft:clay":2,"minecraft:torch":8,"minecraft:sculk_sensor":3,"minecraft:cobblestone":89,"minecraft:sculk":19,"minecraft:diorite":26,"minecraft:wall_torch":4,"minecraft:sweet_berry_bush":15,"minecraft:spruce_log":40,"minecraft:coal_ore":73,"minecraft:gravel":27,"minecraft:dirt":16,"minecraft:netherrack":16,"minecraft:deepslate":445},"minecraft:killed_by":{"minecraft:skeleton":1}},"DataVersion":3953}