{"stats":{"minecraft:broken":{"minecraft:stone_pickaxe":2,"minecraft:wooden_pickaxe":1},"minecraft:dropped":{"minecraft:gravel":20,"minecraft:cobbled_deepslate":1,"minecraft:rotten_flesh":4,"minecraft:clay_ball":8,"minecraft:flint":2,"minecraft:diorite":26,"minecraft:stone_pickaxe":1},"minecraft:used":{"minecraft:stone_sword":1,"minecraft:stone_pickaxe":341,"minecraft:chest":4,"minecraft:spruce_planks":2,"minecraft:wooden_pickaxe":82,"minecraft:torch":22,"minecraft:glow_berries":8,"minecraft:dirt":12,"minecraft:crafting_table":4,"minecraft:iron_pickaxe":219,"minecraft:gravel":2,"minecraft:stone_axe":40,"minecraft:cobblestone":112,"minecraft:sweet_berries":5,"minecraft:furnace":2,"minecraft:andesite":3},"minecraft:custom":{"minecraft:interact_with_furnace":7,"minecraft:mob_kills":2,"minecraft:interact_with_crafting_table":15,"minecraft:leave_game":1,"minecraft:time_since_death":34485,"minecraft:time_since_rest":34507,"minecraft:sprint_one_cm":39358,"minecraft:damage_taken":362,"minecraft:walk_one_cm":82006,"minecraft:drop":10,"minecraft:damage_dealt":426,"minecraft:fly_one_cm":38899,"minecraft:open_chest":7,"minecraft:crouch_one_cm":4602,"minecraft:play_time":42852,"minecraft:deaths":1,"minecraft:sneak_time":1737,"minecraft:jump":632,"minecraft:total_world_time":42852,"minecraft:fall_one_cm":6940},"minecraft:picked_up":{"minecraft:crafting_table":3,"minecraft:clay_ball":8,"minecraft:andesite":10,"minecraft:flint":2,"minecraft:tuff":4,"minecraft:lapis_lazuli":6,"minecraft:dirt":23,"minecraft:cobbled_deepslate":48,"minecraft:spruce_planks":2,"minecraft:stone_pickaxe":1,"minecraft:furnace":1,"minecraft:stick":1,"minecraft:raw_iron":29,"minecraft:sweet_berries":39,"minecraft:torch":9,"minecraft:gravel":22,"minecraft:spruce_sapling":1,"minecraft:diorite":26,"minecraft:spruce_log":40,"minecraft:dark_oak_log":1,"minecraft:rotten_flesh":4,"minecraft:diamond":2,"minecraft:glow_berries":8,"minecraft:coal":91,"minecraft:snowball":5,"minecraft:cobblestone":414},"minecraft:crafted":{"minecraft:crafting_table":1,"minecraft:spruce_planks":160,"minecraft:wooden_pickaxe":2,"minecraft:iron_helmet":1,"minecraft:furnace":1,"minecraft:bucket":1,"minecraft:stone_axe":1,"minecraft:air":0,"minecraft:iron_boots":1,"minecraft:iron_chestplate":1,"minecraft:shield":1,"minecraft:stick":56,"minecraft:iron_ingot":24,"minecraft:iron_pickaxe":1,"minecraft:stone_pickaxe":5,"minecraft:stone_sword":1,"minecraft:chest":4,"minecraft:dark_oak_planks":4,"minecraft:torch":72},"minecraft:killed":{"minecraft:zombie_villager":1,"minecraft:zombie":1},"minecraft:mined":{"minecraft:tuff":4,"minecraft:spruce_planks":2,"minecraft:deepslate_diamond_ore":2,"minecraft:dark_oak_log":1,"minecraft:powder_snow":12,"minecraft:clay":2,"minecraft:crafting_table":3,"minecraft:torch":7,"minecraft:grass_block":6,"minecraft:sculk_sensor":1,"minecraft:cobblestone":86,"minecraft:spruce_leaves":3,"minecraft:sculk":7,"minecraft:diorite":26,"minecraft:wall_torch":2,"minecraft:furnace":1,"minecraft:iron_ore":24,"minecraft:sweet_berry_bush":15,"minecraft:spruce_log":40,"minecraft:andesite":10,"minecraft:deepslate_lapis_ore":1,"minecraft:coal_ore":73,"minecraft:deepslate_iron_ore":5,"minecraft:gravel":11,"minecraft:dirt":16,"minecraft:stone":324,"minecraft:deepslate":48},"minecraft:killed_by":{"minecraft:skeleton":1}},"DataVersion":3953}