{"stats":{"minecraft:dropped":{"minecraft:gravel":20,"minecraft:rotten_flesh":4,"minecraft:clay_ball":8},"minecraft:custom":{"minecraft:time_since_rest":10985,"minecraft:interact_with_furnace":2,"minecraft:sprint_one_cm":16127,"minecraft:damage_taken":350,"minecraft:walk_one_cm":26197,"minecraft:mob_kills":2,"minecraft:drop":6,"minecraft:damage_dealt":376,"minecraft:interact_with_crafting_table":8,"minecraft:fly_one_cm":26985,"minecraft:crouch_one_cm":479,"minecraft:play_time":19330,"minecraft:deaths":1,"minecraft:sneak_time":344,"minecraft:jump":233,"minecraft:leave_game":1,"minecraft:time_since_death":10963,"minecraft:total_world_time":19330,"minecraft:fall_one_cm":5719},"minecraft:crafted":{"minecraft:shield":1,"minecraft:iron_pickaxe":1,"minecraft:crafting_table":1,"minecraft:iron_ingot":8,"minecraft:spruce_planks":28,"minecraft:stick":24,"minecraft:wooden_pickaxe":2,"minecraft:stone_pickaxe":2,"minecraft:stone_sword":1,"minecraft:furnace":1,"minecraft:bucket":1,"minecraft:dark_oak_planks":4,"minecraft:torch":4,"minecraft:stone_axe":1,"minecraft:air":0},"minecraft:used":{"minecraft:stone_pickaxe":145,"minecraft:spruce_planks":1,"minecraft:wooden_pickaxe":82,"minecraft:gravel":2,"minecraft:stone_axe":2,"minecraft:torch":12,"minecraft:glow_berries":2,"minecraft:dirt":9,"minecraft:cobblestone":23,"minecraft:crafting_table":3,"minecraft:furnace":1},"minecraft:killed":{"minecraft:zombie":1,"minecraft:zombie_villager":1},"minecraft:picked_up":{"minecraft:raw_iron":15,"minecraft:crafting_table":2,"minecraft:clay_ball":8,"minecraft:torch":9,"minecraft:gravel":22,"minecraft:flint":1,"minecraft:spruce_log":7,"minecraft:dark_oak_log":1,"minecraft:dirt":10,"minecraft:rotten_flesh":4,"minecraft:spruce_planks":1,"minecraft:glow_berries":2,"minecraft:coal":20,"minecraft:snowball":5,"minecraft:cobblestone":173},"minecraft:broken":{"minecraft:stone_pickaxe":1,"minecraft:wooden_pickaxe":1},"minecraft:mined":{"minecraft:spruce_planks":1,"minecraft:iron_ore":15,"minecraft:spruce_log":6,"minecraft:dark_oak_log":1,"minecraft:powder_snow":12,"minecraft:clay":2,"minecraft:torch":7,"minecraft:crafting_table":2,"minecraft:grass_block":2,"minecraft:coal_ore":20,"minecraft:gravel":10,"minecraft:dirt":7,"minecraft:cobblestone":3,"minecraft:stone":166,"minecraft:wall_torch":2},"minecraft:killed_by":{"minecraft:skeleton":1}},"DataVersion":3953}