{"stats":{"minecraft:broken":{"minecraft:stone_pickaxe":6,"minecraft:iron_pickaxe":1,"minecraft:wooden_pickaxe":1},"minecraft:dropped":{"minecraft:gravel":34,"minecraft:cobbled_deepslate":14,"minecraft:dripstone_block":8,"minecraft:tuff":7,"minecraft:cobblestone":1,"minecraft:rotten_flesh":8,"minecraft:clay_ball":8,"minecraft:flint":2,"minecraft:diorite":26,"minecraft:spruce_planks":17,"minecraft:andesite":7,"minecraft:golden_sword":2,"minecraft:stone_pickaxe":1,"minecraft:netherrack":2,"minecraft:bone":1,"minecraft:redstone":4},"minecraft:used":{"minecraft:stone_sword":52,"minecraft:stone_pickaxe":808,"minecraft:shield":15,"minecraft:chest":4,"minecraft:spruce_planks":2,"minecraft:wooden_pickaxe":82,"minecraft:rotten_flesh":2,"minecraft:netherrack":6,"minecraft:torch":70,"minecraft:glow_berries":8,"minecraft:dirt":12,"minecraft:crafting_table":5,"minecraft:tuff":9,"minecraft:diamond_pickaxe":30,"minecraft:lava_bucket":1,"minecraft:bread":2,"minecraft:iron_pickaxe":250,"minecraft:gravel":2,"minecraft:stone_axe":40,"minecraft:diamond_sword":70,"minecraft:cobblestone":133,"minecraft:sweet_berries":39,"minecraft:furnace":2,"minecraft:bucket":2,"minecraft:andesite":3,"minecraft:cobbled_deepslate":90,"minecraft:iron_leggings":1},"minecraft:custom":{"minecraft:interact_with_furnace":14,"minecraft:mob_kills":35,"minecraft:interact_with_crafting_table":20,"minecraft:leave_game":1,"minecraft:time_since_death":88485,"minecraft:time_since_rest":88507,"minecraft:sprint_one_cm":163816,"minecraft:damage_taken":648,"minecraft:walk_one_cm":191776,"minecraft:damage_blocked_by_shield":659,"minecraft:drop":38,"minecraft:damage_dealt":6961,"minecraft:fly_one_cm":157670,"minecraft:open_chest":21,"minecraft:crouch_one_cm":21251,"minecraft:play_time":96852,"minecraft:deaths":1,"minecraft:sneak_time":10674,"minecraft:walk_under_water_one_cm":4424,"minecraft:jump":1761,"minecraft:walk_on_water_one_cm":3397,"minecraft:total_world_time":96852,"minecraft:fall_one_cm":19819},"minecraft:picked_up":{"minecraft:crafting_table":3,"minecraft:clay_ball":8,"minecraft:andesite":10,"minecraft:flint":4,"minecraft:golden_sword":2,"minecraft:tuff":16,"minecraft:gunpowder":1,"minecraft:string":4,"minecraft:lapis_lazuli":6,"minecraft:dirt":23,"minecraft:bone":1,"minecraft:gold_nugget":9,"minecraft:cobbled_deepslate":444,"minecraft:spruce_planks":2,"minecraft:stone_pickaxe":1,"minecraft:furnace":1,"minecraft:stick":1,"minecraft:raw_iron":50,"minecraft:sweet_berries":39,"minecraft:torch":12,"minecraft:dripstone_block":8,"minecraft:gravel":36,"minecraft:spruce_sapling":1,"minecraft:diorite":26,"minecraft:spruce_log":40,"minecraft:redstone":8,"minecraft:spider_eye":2,"minecraft:dark_oak_log":1,"minecraft:arrow":4,"minecraft:rotten_flesh":15,"minecraft:diamond":41,"minecraft:nether_bricks":1,"minecraft:blaze_rod":2,"minecraft:gold_ingot":1,"minecraft:netherrack":8,"minecraft:glow_berries":8,"minecraft:coal":91,"minecraft:snowball":5,"minecraft:cobblestone":421},"minecraft:crafted":{"minecraft:diamond_sword":1,"minecraft:crafting_table":2,"minecraft:spruce_planks":160,"minecraft:wooden_pickaxe":2,"minecraft:iron_helmet":1,"minecraft:furnace":1,"minecraft:bucket":1,"minecraft:stone_axe":1,"minecraft:bread":1,"minecraft:air":0,"minecraft:iron_boots":1,"minecraft:iron_chestplate":1,"minecraft:diamond_pickaxe":1,"minecraft:shield":1,"minecraft:stick":56,"minecraft:iron_ingot":35,"minecraft:iron_pickaxe":1,"minecraft:stone_pickaxe":8,"minecraft:stone_sword":1,"minecraft:chest":4,"minecraft:iron_leggings":1,"minecraft:dark_oak_planks":4,"minecraft:torch":72},"minecraft:killed":{"minecraft:piglin":2,"minecraft:zombified_piglin":16,"minecraft:zombie_villager":1,"minecraft:spider":5,"minecraft:creeper":1,"minecraft:skeleton":3,"minecraft:zombie":3,"minecraft:blaze":4},"minecraft:mined":{"minecraft:deepslate_redstone_ore":2,"minecraft:tuff":16,"minecraft:spruce_planks":2,"minecraft:deepslate_diamond_ore":42,"minecraft:dark_oak_log":1,"minecraft:powder_snow":12,"minecraft:clay":2,"minecraft:crafting_table":3,"minecraft:torch":8,"minecraft:nether_bricks":1,"minecraft:granite":1,"minecraft:grass_block":6,"minecraft:sculk_sensor":3,"minecraft:cobblestone":87,"minecraft:spruce_leaves":3,"minecraft:sculk":19,"minecraft:diorite":26,"minecraft:wall_torch":4,"minecraft:spawner":1,"minecraft:furnace":1,"minecraft:fire":3,"minecraft:iron_ore":32,"minecraft:cobbled_deepslate":4,"minecraft:sweet_berry_bush":15,"minecraft:spruce_log":40,"minecraft:andesite":10,"minecraft:deepslate_lapis_ore":1,"minecraft:coal_ore":73,"minecraft:deepslate_iron_ore":18,"minecraft:gravel":27,"minecraft:dirt":16,"minecraft:stone":331,"minecraft:netherrack":8,"minecraft:deepslate":445},"minecraft:killed_by":{"minecraft:skeleton":1}},"DataVersion":3953}