{"stats":{"minecraft:dropped":{"minecraft:gravel":20,"minecraft:cobbled_deepslate":1,"minecraft:rotten_flesh":4,"minecraft:clay_ball":8,"minecraft:flint":2,"minecraft:diorite":26},"minecraft:custom":{"minecraft:interact_with_furnace":5,"minecraft:mob_kills":2,"minecraft:interact_with_crafting_table":10,"minecraft:leave_game":1,"minecraft:time_since_death":22963,"minecraft:time_since_rest":22985,"minecraft:sprint_one_cm":34786,"minecraft:damage_taken":362,"minecraft:walk_one_cm":46765,"minecraft:drop":9,"minecraft:damage_dealt":426,"minecraft:fly_one_cm":35552,"minecraft:crouch_one_cm":578,"minecraft:play_time":31330,"minecraft:deaths":1,"minecraft:sneak_time":415,"minecraft:jump":487,"minecraft:total_world_time":31330,"minecraft:fall_one_cm":6940},"minecraft:crafted":{"minecraft:crafting_table":1,"minecraft:spruce_planks":28,"minecraft:wooden_pickaxe":2,"minecraft:iron_helmet":1,"minecraft:furnace":1,"minecraft:bucket":1,"minecraft:stone_axe":1,"minecraft:air":0,"minecraft:iron_boots":1,"minecraft:iron_chestplate":1,"minecraft:shield":1,"minecraft:stick":24,"minecraft:iron_ingot":24,"minecraft:iron_pickaxe":1,"minecraft:stone_pickaxe":2,"minecraft:stone_sword":1,"minecraft:dark_oak_planks":4,"minecraft:torch":36},"minecraft:used":{"minecraft:stone_sword":1,"minecraft:stone_pickaxe":269,"minecraft:spruce_planks":2,"minecraft:wooden_pickaxe":82,"minecraft:torch":17,"minecraft:glow_berries":8,"minecraft:dirt":12,"minecraft:crafting_table":3,"minecraft:iron_pickaxe":143,"minecraft:gravel":2,"minecraft:stone_axe":39,"minecraft:cobblestone":104,"minecraft:furnace":1},"minecraft:killed":{"minecraft:zombie_villager":1,"minecraft:zombie":1},"minecraft:picked_up":{"minecraft:crafting_table":2,"minecraft:clay_ball":8,"minecraft:flint":2,"minecraft:dirt":23,"minecraft:cobbled_deepslate":1,"minecraft:spruce_planks":2,"minecraft:stick":1,"minecraft:raw_iron":24,"minecraft:sweet_berries":39,"minecraft:torch":9,"minecraft:gravel":22,"minecraft:spruce_sapling":1,"minecraft:diorite":26,"minecraft:spruce_log":40,"minecraft:dark_oak_log":1,"minecraft:rotten_flesh":4,"minecraft:glow_berries":8,"minecraft:coal":73,"minecraft:snowball":5,"minecraft:cobblestone":344},"minecraft:broken":{"minecraft:stone_pickaxe":2,"minecraft:wooden_pickaxe":1},"minecraft:mined":{"minecraft:spruce_planks":2,"minecraft:dark_oak_log":1,"minecraft:powder_snow":12,"minecraft:clay":2,"minecraft:crafting_table":2,"minecraft:torch":7,"minecraft:grass_block":6,"minecraft:cobblestone":68,"minecraft:spruce_leaves":3,"minecraft:diorite":26,"minecraft:wall_torch":2,"minecraft:iron_ore":24,"minecraft:sweet_berry_bush":15,"minecraft:spruce_log":40,"minecraft:coal_ore":73,"minecraft:gravel":11,"minecraft:dirt":16,"minecraft:stone":273,"minecraft:deepslate":1},"minecraft:killed_by":{"minecraft:skeleton":1}},"DataVersion":3953}