{"stats":{"minecraft:broken":{"minecraft:wooden_pickaxe":1,"minecraft:stone_pickaxe":6,"minecraft:iron_pickaxe":1},"minecraft:dropped":{"minecraft:iron_ingot":8,"minecraft:dripstone_block":8,"minecraft:diamond_leggings":1,"minecraft:netherite_upgrade_smithing_template":1,"minecraft:cobblestone":1,"minecraft:flint":2,"minecraft:gold_block":16,"minecraft:diorite":26,"minecraft:crimson_roots":2,"minecraft:gold_nugget":6,"minecraft:polished_blackstone_bricks":39,"minecraft:bone":1,"minecraft:redstone":4,"minecraft:gravel":34,"minecraft:ancient_debris":2,"minecraft:netherite_ingot":1,"minecraft:cobbled_deepslate":14,"minecraft:tuff":7,"minecraft:rotten_flesh":8,"minecraft:clay_ball":8,"minecraft:nether_brick_fence":2,"minecraft:nether_bricks":2,"minecraft:spruce_planks":17,"minecraft:andesite":7,"minecraft:golden_sword":4,"minecraft:stone_pickaxe":1,"minecraft:netherrack":9},"minecraft:custom":{"minecraft:mob_kills":73,"minecraft:interact_with_crafting_table":20,"minecraft:leave_game":1,"minecraft:time_since_death":124485,"minecraft:sprint_one_cm":237703,"minecraft:walk_one_cm":285208,"minecraft:damage_blocked_by_shield":1079,"minecraft:drop":60,"minecraft:play_time":132852,"minecraft:deaths":1,"minecraft:sneak_time":18773,"minecraft:walk_under_water_one_cm":4424,"minecraft:jump":2427,"minecraft:walk_on_water_one_cm":3397,"minecraft:total_world_time":132852,"minecraft:interact_with_furnace":14,"minecraft:time_since_rest":124507,"minecraft:damage_taken":1641,"minecraft:damage_absorbed":39,"minecraft:damage_dealt":15023,"minecraft:fly_one_cm":244881,"minecraft:open_chest":26,"minecraft:crouch_one_cm":45310,"minecraft:fall_one_cm":36845},"minecraft:used":{"minecraft:stone_sword":52,"minecraft:spruce_planks":2,"minecraft:chest":4,"minecraft:shield":31,"minecraft:rotten_flesh":10,"minecraft:netherrack":7,"minecraft:torch":70,"minecraft:soul_sand":1,"minecraft:dirt":12,"minecraft:nether_bricks":3,"minecraft:tuff":9,"minecraft:lava_bucket":1,"minecraft:sweet_berries":39,"minecraft:soul_soil":2,"minecraft:furnace":2,"minecraft:cobbled_deepslate":90,"minecraft:iron_leggings":1,"minecraft:water_bucket":1,"minecraft:stone_pickaxe":808,"minecraft:blackstone":3,"minecraft:wooden_pickaxe":82,"minecraft:polished_blackstone_bricks":86,"minecraft:golden_apple":1,"minecraft:glow_berries":8,"minecraft:crafting_table":5,"minecraft:diamond_pickaxe":269,"minecraft:cracked_polished_blackstone_bricks":58,"minecraft:bread":12,"minecraft:iron_pickaxe":250,"minecraft:gravel":2,"minecraft:stone_axe":40,"minecraft:diamond_sword":229,"minecraft:cobblestone":253,"minecraft:porkchop":2,"minecraft:cooked_porkchop":3,"minecraft:andesite":3,"minecraft:bucket":2},"minecraft:picked_up":{"minecraft:crafting_table":3,"minecraft:nether_brick_fence":2,"minecraft:clay_ball":8,"minecraft:gold_block":19,"minecraft:golden_sword":5,"minecraft:polished_blackstone_brick_stairs":5,"minecraft:string":4,"minecraft:soul_soil":2,"minecraft:blackstone":7,"minecraft:gold_nugget":21,"minecraft:cobbled_deepslate":444,"minecraft:spruce_planks":2,"minecraft:furnace":1,"minecraft:raw_iron":50,"minecraft:stick":1,"minecraft:torch":12,"minecraft:porkchop":2,"minecraft:polished_blackstone_bricks":125,"minecraft:golden_axe":1,"minecraft:diorite":26,"minecraft:redstone":8,"minecraft:arrow":6,"minecraft:rotten_flesh":22,"minecraft:nether_bricks":5,"minecraft:gold_ingot":1,"minecraft:blaze_rod":11,"minecraft:glow_berries":8,"minecraft:snowball":5,"minecraft:cobblestone":422,"minecraft:basalt":1,"minecraft:andesite":10,"minecraft:flint":4,"minecraft:tuff":16,"minecraft:gunpowder":1,"minecraft:lapis_lazuli":6,"minecraft:dirt":23,"minecraft:bone":5,"minecraft:stone_pickaxe":1,"minecraft:soul_sand":4,"minecraft:cooked_porkchop":3,"minecraft:sweet_berries":39,"minecraft:quartz":10,"minecraft:dripstone_block":8,"minecraft:gravel":36,"minecraft:spruce_sapling":1,"minecraft:spruce_log":40,"minecraft:dark_oak_log":1,"minecraft:spider_eye":2,"minecraft:diamond":41,"minecraft:cracked_polished_blackstone_bricks":58,"minecraft:bread":15,"minecraft:netherrack":23,"minecraft:coal":91,"minecraft:crimson_roots":2},"minecraft:crafted":{"minecraft:blaze_powder":22,"minecraft:furnace":1,"minecraft:iron_boots":1,"minecraft:stone_pickaxe":8,"minecraft:chest":4,"minecraft:dark_oak_planks":4,"minecraft:diamond_sword":1,"minecraft:crafting_table":2,"minecraft:spruce_planks":160,"minecraft:wooden_pickaxe":2,"minecraft:iron_helmet":1,"minecraft:bucket":1,"minecraft:stone_axe":1,"minecraft:bread":1,"minecraft:air":0,"minecraft:iron_chestplate":1,"minecraft:diamond_pickaxe":1,"minecraft:shield":1,"minecraft:stick":56,"minecraft:iron_ingot":35,"minecraft:iron_pickaxe":1,"minecraft:stone_sword":1,"minecraft:iron_leggings":1,"minecraft:torch":72},"minecraft:killed":{"minecraft:zombified_piglin":28,"minecraft:spider":5,"minecraft:skeleton":5,"minecraft:piglin_brute":3,"minecraft:piglin":13,"minecraft:zombie_villager":1,"minecraft:creeper":1,"minecraft:zombie":3,"minecraft:blaze":14},"minecraft:mined":{"minecraft:tuff":16,"minecraft:spruce_planks":2,"minecraft:deepslate_diamond_ore":42,"minecraft:dark_oak_log":1,"minecraft:nether_bricks":10,"minecraft:granite":1,"minecraft:grass_block":6,"minecraft:crimson_roots":3,"minecraft:cracked_polished_blackstone_bricks":61,"minecraft:soul_soil":2,"minecraft:spruce_leaves":3,"minecraft:spawner":2,"minecraft:polished_blackstone_bricks":90,"minecraft:furnace":1,"minecraft:cobbled_deepslate":4,"minecraft:iron_ore":32,"minecraft:fire":24,"minecraft:andesite":10,"minecraft:deepslate_lapis_ore":1,"minecraft:gold_block":19,"minecraft:nether_brick_fence":1,"minecraft:deepslate_iron_ore":18,"minecraft:stone":331,"minecraft:deepslate_redstone_ore":2,"minecraft:blackstone":8,"minecraft:soul_sand":6,"minecraft:soul_fire":19,"minecraft:basalt":2,"minecraft:powder_snow":12,"minecraft:crafting_table":3,"minecraft:clay":2,"minecraft:torch":8,"minecraft:sculk_sensor":3,"minecraft:nether_quartz_ore":10,"minecraft:cobblestone":89,"minecraft:polished_blackstone_brick_stairs":5,"minecraft:sculk":19,"minecraft:diorite":26,"minecraft:wall_torch":4,"minecraft:sweet_berry_bush":15,"minecraft:spruce_log":40,"minecraft:coal_ore":73,"minecraft:gravel":27,"minecraft:dirt":16,"minecraft:netherrack":29,"minecraft:deepslate":445},"minecraft:killed_by":{"minecraft:skeleton":1}},"DataVersion":3953}