{"stats":{"minecraft:mined":{"minecraft:tall_grass":1,"minecraft:grass":2},"minecraft:custom":{"minecraft:jump":122,"minecraft:time_since_rest":5513,"minecraft:waystone_activated":1,"minecraft:damage_dealt":55,"minecraft:crouch_one_cm":186,"minecraft:walk_on_water_one_cm":480,"minecraft:sprint_one_cm":37616,"minecraft:play_time":5513,"minecraft:damage_taken":40,"minecraft:time_since_death":5513,"minecraft:walk_one_cm":11575,"minecraft:sneak_time":18,"minecraft:total_world_time":5513,"minecraft:walk_under_water_one_cm":88,"minecraft:swim_one_cm":1034,"minecraft:fall_one_cm":3914,"minecraft:fly_one_cm":32308}},"DataVersion":3120}