{"stats":{"minecraft:mined":{"minecraft:tall_grass":1,"minecraft:grass":2},"minecraft:killed_by":{"minecraft:player":3},"minecraft:custom":{"minecraft:jump":331,"minecraft:time_since_rest":942,"minecraft:waystone_activated":1,"minecraft:damage_dealt":213,"minecraft:crouch_one_cm":276,"minecraft:walk_on_water_one_cm":4234,"minecraft:sprint_one_cm":68231,"minecraft:play_time":12321,"minecraft:damage_taken":1270,"minecraft:time_since_death":904,"minecraft:walk_one_cm":24279,"minecraft:sneak_time":28,"minecraft:total_world_time":12321,"minecraft:walk_under_water_one_cm":2631,"minecraft:mob_kills":1,"minecraft:swim_one_cm":11416,"minecraft:fall_one_cm":10574,"minecraft:fly_one_cm":81028,"minecraft:leave_game":1,"minecraft:deaths":4}},"DataVersion":3120}