{"stats":{"minecraft:dropped":{"minecraft:birch_log":1},"minecraft:custom":{"minecraft:time_since_rest":21316,"minecraft:interact_with_furnace":6,"minecraft:sprint_one_cm":38999,"minecraft:damage_taken":430,"minecraft:walk_one_cm":94166,"minecraft:mob_kills":3,"minecraft:drop":1,"minecraft:damage_dealt":302,"minecraft:swim_one_cm":9059,"minecraft:interact_with_crafting_table":11,"minecraft:fly_one_cm":11382,"minecraft:crouch_one_cm":1049,"minecraft:play_time":21316,"minecraft:sneak_time":258,"minecraft:walk_under_water_one_cm":810,"minecraft:jump":323,"minecraft:time_since_death":21316,"minecraft:walk_on_water_one_cm":3441,"minecraft:total_world_time":21316,"minecraft:fall_one_cm":6114},"minecraft:crafted":{"minecraft:cooked_beef":5,"minecraft:crafting_table":2,"minecraft:stick":8,"minecraft:wooden_pickaxe":1,"minecraft:stone_pickaxe":1,"minecraft:furnace":1,"minecraft:birch_planks":36,"minecraft:stone_axe":1},"minecraft:used":{"minecraft:birch_planks":16,"minecraft:stone_pickaxe":14,"minecraft:wooden_pickaxe":42,"minecraft:stone_axe":9,"minecraft:cobblestone":2,"minecraft:beef":1,"minecraft:crafting_table":4,"minecraft:furnace":2,"minecraft:cooked_beef":3},"minecraft:killed":{"minecraft:cow":3},"minecraft:picked_up":{"minecraft:birch_log":10,"minecraft:crafting_table":2,"minecraft:raw_iron":1,"minecraft:pumpkin":6,"minecraft:leather":5,"minecraft:dirt":1,"minecraft:beef":8,"minecraft:coal":21,"minecraft:cobblestone":24,"minecraft:furnace":1},"minecraft:mined":{"minecraft:furnace":1,"minecraft:birch_log":9,"minecraft:iron_ore":1,"minecraft:pumpkin":6,"minecraft:crafting_table":2,"minecraft:short_grass":1,"minecraft:grass_block":1,"minecraft:coal_ore":22,"minecraft:dead_bush":1,"minecraft:stone":24,"minecraft:fern":3}},"DataVersion":3953}