{"stats":{"minecraft:dropped":{"minecraft:stone_axe":1,"minecraft:birch_log":1},"minecraft:used":{"minecraft:birch_planks":16,"minecraft:stone_pickaxe":15,"minecraft:wooden_pickaxe":42,"minecraft:stone_axe":13,"minecraft:cobblestone":2,"minecraft:beef":1,"minecraft:crafting_table":4,"minecraft:furnace":2,"minecraft:cooked_beef":3},"minecraft:custom":{"minecraft:time_since_rest":3789,"minecraft:damage_taken":505,"minecraft:sprint_one_cm":42403,"minecraft:interact_with_furnace":6,"minecraft:walk_one_cm":110168,"minecraft:mob_kills":4,"minecraft:drop":2,"minecraft:damage_dealt":382,"minecraft:swim_one_cm":9059,"minecraft:interact_with_crafting_table":11,"minecraft:fly_one_cm":17183,"minecraft:crouch_one_cm":1049,"minecraft:play_time":27750,"minecraft:deaths":1,"minecraft:sneak_time":258,"minecraft:walk_under_water_one_cm":1506,"minecraft:jump":433,"minecraft:time_since_death":3585,"minecraft:walk_on_water_one_cm":4243,"minecraft:total_world_time":27750,"minecraft:fall_one_cm":6532},"minecraft:picked_up":{"minecraft:birch_log":10,"minecraft:crafting_table":3,"minecraft:raw_iron":1,"minecraft:cooked_beef":2,"minecraft:pumpkin":6,"minecraft:leather":5,"minecraft:birch_planks":1,"minecraft:dirt":2,"minecraft:stone_axe":1,"minecraft:beef":8,"minecraft:mutton":1,"minecraft:coal":40,"minecraft:white_wool":1,"minecraft:cobblestone":24,"minecraft:furnace":2},"minecraft:crafted":{"minecraft:cooked_beef":5,"minecraft:crafting_table":2,"minecraft:stick":8,"minecraft:wooden_pickaxe":1,"minecraft:stone_pickaxe":1,"minecraft:furnace":1,"minecraft:birch_planks":36,"minecraft:stone_axe":1},"minecraft:killed":{"minecraft:sheep":1,"minecraft:cow":3},"minecraft:mined":{"minecraft:birch_planks":1,"minecraft:furnace":2,"minecraft:birch_log":9,"minecraft:iron_ore":1,"minecraft:pumpkin":6,"minecraft:crafting_table":3,"minecraft:short_grass":1,"minecraft:grass_block":2,"minecraft:coal_ore":22,"minecraft:dead_bush":1,"minecraft:stone":24,"minecraft:fern":3},"minecraft:killed_by":{"minecraft:zombie":1}},"DataVersion":3953}