{"stats":{"minecraft:dropped":{"minecraft:birch_log":1},"minecraft:custom":{"minecraft:time_since_rest":9316,"minecraft:crouch_one_cm":273,"minecraft:sprint_one_cm":16658,"minecraft:play_time":9316,"minecraft:damage_taken":220,"minecraft:walk_one_cm":41037,"minecraft:sneak_time":62,"minecraft:walk_under_water_one_cm":349,"minecraft:mob_kills":1,"minecraft:drop":1,"minecraft:jump":85,"minecraft:damage_dealt":101,"minecraft:walk_on_water_one_cm":810,"minecraft:time_since_death":9316,"minecraft:total_world_time":9316,"minecraft:swim_one_cm":2388,"minecraft:fly_one_cm":3761,"minecraft:interact_with_crafting_table":2,"minecraft:fall_one_cm":2127},"minecraft:crafted":{"minecraft:birch_planks":36,"minecraft:crafting_table":1,"minecraft:stick":8,"minecraft:wooden_pickaxe":1},"minecraft:used":{"minecraft:cobblestone":2,"minecraft:beef":1,"minecraft:crafting_table":1,"minecraft:wooden_pickaxe":42},"minecraft:killed":{"minecraft:cow":1},"minecraft:picked_up":{"minecraft:birch_log":10,"minecraft:leather":2,"minecraft:beef":3,"minecraft:coal":18,"minecraft:cobblestone":24},"minecraft:mined":{"minecraft:coal_ore":18,"minecraft:dead_bush":1,"minecraft:birch_log":9,"minecraft:stone":24,"minecraft:fern":3}},"DataVersion":3953}