{"stats":{"minecraft:dropped":{"minecraft:stone_axe":1,"minecraft:birch_log":1},"minecraft:used":{"minecraft:spruce_wood":2,"minecraft:birch_planks":16,"minecraft:stone_pickaxe":35,"minecraft:wooden_pickaxe":57,"minecraft:stone_axe":20,"minecraft:cobblestone":2,"minecraft:beef":1,"minecraft:crafting_table":5,"minecraft:furnace":2,"minecraft:cooked_beef":3,"minecraft:spruce_log":1},"minecraft:custom":{"minecraft:time_since_rest":15789,"minecraft:damage_taken":535,"minecraft:sprint_one_cm":70014,"minecraft:interact_with_furnace":6,"minecraft:walk_one_cm":155255,"minecraft:mob_kills":8,"minecraft:drop":2,"minecraft:damage_dealt":781,"minecraft:swim_one_cm":9059,"minecraft:interact_with_crafting_table":15,"minecraft:fly_one_cm":25262,"minecraft:crouch_one_cm":1049,"minecraft:play_time":39750,"minecraft:deaths":1,"minecraft:sneak_time":258,"minecraft:walk_under_water_one_cm":1506,"minecraft:jump":651,"minecraft:time_since_death":15585,"minecraft:walk_on_water_one_cm":4243,"minecraft:total_world_time":39750,"minecraft:fall_one_cm":10260},"minecraft:picked_up":{"minecraft:birch_log":10,"minecraft:crafting_table":4,"minecraft:raw_iron":5,"minecraft:cooked_beef":2,"minecraft:pumpkin":6,"minecraft:leather":7,"minecraft:birch_planks":1,"minecraft:porkchop":8,"minecraft:spruce_log":13,"minecraft:dirt":3,"minecraft:stone_axe":1,"minecraft:beef":9,"minecraft:mutton":1,"minecraft:coal":49,"minecraft:white_wool":1,"minecraft:cobblestone":44,"minecraft:furnace":2},"minecraft:crafted":{"minecraft:cooked_beef":5,"minecraft:crafting_table":3,"minecraft:spruce_wood":9,"minecraft:spruce_planks":28,"minecraft:stick":24,"minecraft:wooden_pickaxe":2,"minecraft:stone_pickaxe":2,"minecraft:furnace":1,"minecraft:birch_planks":36,"minecraft:stone_axe":2},"minecraft:killed":{"minecraft:sheep":1,"minecraft:pig":3,"minecraft:cow":4},"minecraft:mined":{"minecraft:birch_planks":1,"minecraft:furnace":2,"minecraft:birch_log":9,"minecraft:iron_ore":5,"minecraft:spruce_log":13,"minecraft:pumpkin":6,"minecraft:crafting_table":4,"minecraft:short_grass":1,"minecraft:grass_block":3,"minecraft:coal_ore":32,"minecraft:dead_bush":1,"minecraft:stone":45,"minecraft:fern":3},"minecraft:killed_by":{"minecraft:zombie":1}},"DataVersion":3953}