{"stats":{"minecraft:broken":{"minecraft:wooden_pickaxe":1,"minecraft:stone_pickaxe":1},"minecraft:dropped":{"minecraft:stone_axe":1,"minecraft:birch_log":1},"minecraft:used":{"minecraft:spruce_wood":2,"minecraft:birch_planks":16,"minecraft:stone_pickaxe":186,"minecraft:spruce_planks":3,"minecraft:wooden_pickaxe":101,"minecraft:stone_axe":22,"minecraft:torch":1,"minecraft:cobblestone":61,"minecraft:beef":1,"minecraft:crafting_table":7,"minecraft:furnace":4,"minecraft:cooked_porkchop":6,"minecraft:cooked_beef":3,"minecraft:spruce_log":1},"minecraft:custom":{"minecraft:time_since_rest":56497,"minecraft:damage_taken":1099,"minecraft:sprint_one_cm":110067,"minecraft:interact_with_furnace":11,"minecraft:walk_one_cm":272541,"minecraft:mob_kills":8,"minecraft:drop":2,"minecraft:damage_dealt":781,"minecraft:swim_one_cm":25858,"minecraft:interact_with_crafting_table":20,"minecraft:fly_one_cm":64942,"minecraft:crouch_one_cm":5112,"minecraft:play_time":80458,"minecraft:deaths":1,"minecraft:sneak_time":4616,"minecraft:walk_under_water_one_cm":2130,"minecraft:jump":1321,"minecraft:leave_game":1,"minecraft:time_since_death":56293,"minecraft:walk_on_water_one_cm":16257,"minecraft:total_world_time":80458,"minecraft:fall_one_cm":27891},"minecraft:picked_up":{"minecraft:birch_log":10,"minecraft:crafting_table":5,"minecraft:raw_iron":5,"minecraft:cooked_beef":2,"minecraft:cooked_porkchop":3,"minecraft:pumpkin":6,"minecraft:leather":7,"minecraft:birch_planks":1,"minecraft:porkchop":8,"minecraft:spruce_log":13,"minecraft:dirt":9,"minecraft:stone_axe":1,"minecraft:spruce_planks":11,"minecraft:beef":9,"minecraft:mutton":1,"minecraft:coal":126,"minecraft:white_wool":1,"minecraft:cobblestone":152,"minecraft:furnace":4},"minecraft:crafted":{"minecraft:cooked_beef":5,"minecraft:cooked_porkchop":5,"minecraft:crafting_table":3,"minecraft:spruce_wood":9,"minecraft:spruce_planks":28,"minecraft:stick":24,"minecraft:iron_ingot":4,"minecraft:wooden_pickaxe":2,"minecraft:stone_pickaxe":3,"minecraft:furnace":2,"minecraft:torch":20,"minecraft:birch_planks":36,"minecraft:stone_axe":2},"minecraft:killed":{"minecraft:sheep":1,"minecraft:pig":3,"minecraft:cow":4},"minecraft:mined":{"minecraft:birch_planks":1,"minecraft:furnace":4,"minecraft:birch_log":9,"minecraft:iron_ore":5,"minecraft:spruce_log":13,"minecraft:pumpkin":6,"minecraft:crafting_table":5,"minecraft:short_grass":1,"minecraft:grass_block":7,"minecraft:coal_ore":110,"minecraft:dead_bush":1,"minecraft:dirt":2,"minecraft:stone":157,"minecraft:oak_leaves":1,"minecraft:fern":3},"minecraft:killed_by":{"minecraft:zombie":1}},"DataVersion":3953}