{"stats":{"minecraft:used":{"minecraft:bedrock":11,"minecraft:deepslate_diamond_ore":1,"minecraft:rose_bush":2,"minecraft:dirt":3,"minecraft:sand":4,"minecraft:andesite":18,"minecraft:crossbow":1,"minecraft:experience_bottle":2},"minecraft:picked_up":{"minecraft:rose_bush":2},"minecraft:mined":{"minecraft:grass":2,"minecraft:rose_bush":2,"minecraft:fern":2},"minecraft:custom":{"minecraft:time_since_rest":10950,"minecraft:open_chest":2,"minecraft:crouch_one_cm":1595,"minecraft:sprint_one_cm":31491,"minecraft:play_time":16197,"minecraft:deaths":1,"minecraft:damage_taken":240,"minecraft:walk_one_cm":12362,"minecraft:sneak_time":1309,"minecraft:walk_under_water_one_cm":7370,"minecraft:jump":261,"minecraft:damage_dealt":10,"minecraft:leave_game":3,"minecraft:walk_on_water_one_cm":1320,"minecraft:time_since_death":10923,"minecraft:total_world_time":16197,"minecraft:damage_dealt_absorbed":72,"minecraft:swim_one_cm":3574,"minecraft:fall_one_cm":7897,"minecraft:fly_one_cm":170287}},"DataVersion":3120}