{"stats":{"minecraft:mined":{"minecraft:grass":8},"minecraft:killed":{"minecraft:skeleton":1,"minecraft:zombie":1,"alexsmobs:crocodile":1,"minecraft:creeper":1},"minecraft:custom":{"minecraft:time_since_rest":21034,"minecraft:open_chest":1,"minecraft:waystone_activated":1,"minecraft:crouch_one_cm":324,"minecraft:play_time":21034,"minecraft:sprint_one_cm":21433,"minecraft:walk_one_cm":18425,"minecraft:sneak_time":951,"minecraft:walk_under_water_one_cm":1369,"minecraft:mob_kills":4,"minecraft:jump":156,"minecraft:leave_game":1,"minecraft:time_since_death":21034,"minecraft:walk_on_water_one_cm":2398,"minecraft:total_world_time":21034,"minecraft:swim_one_cm":348,"minecraft:fly_one_cm":345324},"minecraft:used":{"minecraft:stone_bricks":95,"minecraft:bricks":26,"mcwbridges:asian_red_bridge_pier":19,"minecraft:flint_and_steel":20,"cgm:shotgun":53,"waystones:mossy_waystone":1,"minecraft:stripped_oak_log":2},"minecraft:picked_up":{"minecraft:rotten_flesh":1,"minecraft:black_wool":1,"minecraft:mutton":3,"minecraft:white_wool":1,"alexsmobs:crocodile_scute":1}},"DataVersion":3120}