{"stats":{"minecraft:custom":{"minecraft:jump":81,"minecraft:walk_on_water_one_cm":2,"minecraft:time_since_rest":1236,"minecraft:crouch_one_cm":800,"minecraft:leave_game":2,"minecraft:play_time":6483,"minecraft:sprint_one_cm":8324,"minecraft:damage_taken":220,"minecraft:time_since_death":1209,"minecraft:walk_one_cm":5806,"minecraft:sneak_time":619,"minecraft:total_world_time":6483,"minecraft:walk_under_water_one_cm":6116,"minecraft:fall_one_cm":1947,"minecraft:fly_one_cm":31782,"minecraft:deaths":1,"minecraft:damage_dealt":10},"minecraft:mined":{"minecraft:grass":1,"minecraft:fern":2},"minecraft:used":{"minecraft:andesite":18,"minecraft:crossbow":1,"minecraft:bedrock":11,"minecraft:deepslate_diamond_ore":1}},"DataVersion":3120}