{"stats":{"minecraft:mined":{"minecraft:grass":8},"minecraft:custom":{"minecraft:jump":40,"minecraft:time_since_rest":5724,"minecraft:crouch_one_cm":56,"minecraft:sprint_one_cm":7567,"minecraft:play_time":5724,"minecraft:walk_on_water_one_cm":2048,"minecraft:time_since_death":5724,"minecraft:walk_one_cm":3818,"minecraft:sneak_time":318,"minecraft:total_world_time":5724,"minecraft:walk_under_water_one_cm":136,"minecraft:swim_one_cm":348,"minecraft:fly_one_cm":124475},"minecraft:used":{"cgm:shotgun":35}},"DataVersion":3120}