{"stats":{"minecraft:mined":{"minecraft:grass":8},"minecraft:dropped":{"minecraft:white_concrete":1,"smallships:dark_oak_galley":1},"minecraft:killed":{"minecraft:skeleton":1,"alexsmobs:crocodile":1,"minecraft:zombie":1,"minecraft:creeper":3},"minecraft:custom":{"minecraft:time_since_rest":43941,"minecraft:waystone_activated":4,"minecraft:sprint_one_cm":32920,"minecraft:walk_one_cm":169967,"minecraft:mob_kills":7,"minecraft:drop":2,"minecraft:damage_dealt":196,"minecraft:swim_one_cm":348,"minecraft:fly_one_cm":734969,"minecraft:open_chest":1,"minecraft:crouch_one_cm":13995,"minecraft:play_time":87594,"minecraft:deaths":1,"minecraft:sneak_time":4806,"minecraft:walk_under_water_one_cm":1534,"minecraft:boat_one_cm":38526,"minecraft:jump":420,"minecraft:leave_game":1,"minecraft:time_since_death":43906,"minecraft:walk_on_water_one_cm":3420,"minecraft:total_world_time":87594},"minecraft:used":{"securitycraft:electrified_iron_fence":296,"minecraft:light":46,"minecraft:black_wool":48,"minecraft:bricks":280,"minecraft:villager_spawn_egg":13,"minecraft:flint_and_steel":20,"cgm:shotgun":62,"framedblocks:framed_slope":27,"minecraft:grass_block":5,"waystones:mossy_waystone":4,"mcwfences:birch_wired_fence":35,"securitycraft:panic_button":1,"chipped:clear_leaded_glass":64,"mcwdoors:sliding_glass_door":2,"minecraft:stone_bricks":661,"elevatorid:elevator_white":10,"mcwfences:modern_quartz_wall":38,"mcwbridges:asian_red_bridge_pier":19,"mcwdoors:bamboo_glass_door":5,"smallships:spruce_brigg":2,"minecraft:stripped_oak_log":2,"minecraft:white_concrete":443,"smallships:dark_oak_galley":2},"minecraft:picked_up":{"mcwdoors:bamboo_glass_door":2,"minecraft:gunpowder":1,"alexsmobs:crocodile_scute":1,"minecraft:bone":2,"minecraft:arrow":1,"minecraft:rotten_flesh":1,"minecraft:white_concrete":1,"minecraft:black_wool":1,"minecraft:mutton":3,"minecraft:white_wool":1}},"DataVersion":3120}