{"stats":{"minecraft:used":{"minecraft:bedrock":11,"minecraft:deepslate_diamond_ore":1,"minecraft:crossbow":1,"minecraft:andesite":18},"minecraft:mined":{"minecraft:grass":1,"minecraft:fern":2},"minecraft:custom":{"minecraft:jump":85,"minecraft:time_since_rest":3451,"minecraft:damage_dealt":10,"minecraft:damage_taken":220,"minecraft:leave_game":2,"minecraft:crouch_one_cm":800,"minecraft:time_since_death":3424,"minecraft:play_time":8698,"minecraft:sprint_one_cm":8858,"minecraft:walk_one_cm":5816,"minecraft:walk_on_water_one_cm":352,"minecraft:deaths":1,"minecraft:sneak_time":892,"minecraft:total_world_time":8698,"minecraft:walk_under_water_one_cm":6536,"minecraft:fly_one_cm":95186,"minecraft:fall_one_cm":1947}},"DataVersion":3120}