{"stats":{"minecraft:mined":{"minecraft:grass":8},"minecraft:dropped":{"minecraft:white_concrete":1,"smallships:dark_oak_galley":1,"minecraft:rotten_flesh":1},"minecraft:killed":{"minecraft:skeleton":1,"alexsmobs:crocodile":1,"minecraft:zombie":1,"minecraft:creeper":3},"minecraft:custom":{"minecraft:time_since_rest":20705,"minecraft:waystone_activated":4,"minecraft:sprint_one_cm":42167,"minecraft:walk_one_cm":189273,"minecraft:mob_kills":8,"minecraft:drop":3,"minecraft:damage_dealt":205,"minecraft:swim_one_cm":1196,"minecraft:fly_one_cm":1092799,"minecraft:open_chest":1,"minecraft:crouch_one_cm":14411,"minecraft:play_time":130630,"minecraft:deaths":3,"minecraft:sneak_time":5613,"minecraft:walk_under_water_one_cm":2729,"minecraft:boat_one_cm":276054,"minecraft:jump":495,"minecraft:leave_game":1,"minecraft:time_since_death":20677,"minecraft:walk_on_water_one_cm":5282,"minecraft:total_world_time":130630},"minecraft:used":{"securitycraft:electrified_iron_fence":296,"minecraft:light":61,"minecraft:leather_leggings":1,"minecraft:black_wool":48,"minecraft:bricks":280,"minecraft:villager_spawn_egg":74,"minecraft:lantern":47,"minecraft:flint_and_steel":20,"minecraft:armor_stand":6,"cgm:shotgun":62,"framedblocks:framed_slope":28,"minecraft:grass_block":5,"waystones:mossy_waystone":4,"cgm:stun_grenade":3,"minecraft:leather_chestplate":1,"mcwfences:birch_wired_fence":35,"minecraft:leather_helmet":1,"securitycraft:panic_button":1,"chipped:clear_leaded_glass":64,"minecraft:cobblestone_slab":34,"mcwdoors:sliding_glass_door":2,"minecraft:stone_bricks":729,"elevatorid:elevator_white":11,"mcwfences:modern_quartz_wall":38,"mcwbridges:asian_red_bridge_pier":19,"mcwdoors:bamboo_glass_door":5,"smallships:spruce_brigg":2,"minecraft:stone_brick_wall":5,"minecraft:stripped_oak_log":2,"minecraft:white_concrete":452,"smallships:dark_oak_galley":3},"minecraft:picked_up":{"mcwdoors:bamboo_glass_door":2,"minecraft:gunpowder":1,"alexsmobs:crocodile_scute":1,"minecraft:bone":2,"minecraft:arrow":1,"minecraft:rotten_flesh":2,"minecraft:white_concrete":1,"minecraft:black_wool":1,"minecraft:mutton":3,"minecraft:white_wool":1}},"DataVersion":3120}