{"stats":{"minecraft:mined":{"minecraft:grass":8},"minecraft:dropped":{"smallships:dark_oak_galley":1},"minecraft:killed":{"minecraft:skeleton":1,"alexsmobs:crocodile":1,"minecraft:zombie":1,"minecraft:creeper":1},"minecraft:custom":{"minecraft:time_since_rest":19941,"minecraft:waystone_activated":4,"minecraft:sprint_one_cm":29082,"minecraft:walk_one_cm":112215,"minecraft:mob_kills":5,"minecraft:drop":1,"minecraft:damage_dealt":196,"minecraft:swim_one_cm":348,"minecraft:fly_one_cm":677168,"minecraft:open_chest":1,"minecraft:crouch_one_cm":11430,"minecraft:play_time":63594,"minecraft:deaths":1,"minecraft:sneak_time":3998,"minecraft:walk_under_water_one_cm":1534,"minecraft:boat_one_cm":38526,"minecraft:jump":361,"minecraft:leave_game":1,"minecraft:time_since_death":19906,"minecraft:walk_on_water_one_cm":3420,"minecraft:total_world_time":63594},"minecraft:used":{"securitycraft:electrified_iron_fence":296,"minecraft:bricks":280,"minecraft:villager_spawn_egg":13,"minecraft:flint_and_steel":20,"cgm:shotgun":53,"framedblocks:framed_slope":26,"minecraft:grass_block":5,"waystones:mossy_waystone":4,"mcwfences:birch_wired_fence":35,"securitycraft:panic_button":1,"chipped:clear_leaded_glass":64,"minecraft:stone_bricks":627,"elevatorid:elevator_white":3,"mcwfences:modern_quartz_wall":38,"mcwbridges:asian_red_bridge_pier":19,"smallships:spruce_brigg":2,"minecraft:stripped_oak_log":2,"smallships:dark_oak_galley":2},"minecraft:picked_up":{"alexsmobs:crocodile_scute":1,"minecraft:bone":2,"minecraft:arrow":1,"minecraft:rotten_flesh":1,"minecraft:black_wool":1,"minecraft:mutton":3,"minecraft:white_wool":1}},"DataVersion":3120}