{"stats":{"minecraft:broken":{"minecraft:wooden_axe":1,"minecraft:wooden_pickaxe":1},"minecraft:dropped":{"minecraft:stone_axe":1,"minecraft:wheat_seeds":1},"minecraft:custom":{"minecraft:interact_with_furnace":29,"minecraft:mob_kills":12,"minecraft:interact_with_crafting_table":17,"minecraft:time_since_death":25949,"minecraft:sleep_in_bed":3,"minecraft:time_since_rest":25984,"minecraft:sprint_one_cm":127725,"minecraft:damage_taken":447,"minecraft:walk_one_cm":133588,"minecraft:drop":2,"minecraft:damage_dealt":1374,"minecraft:swim_one_cm":589,"minecraft:fly_one_cm":87547,"minecraft:crouch_one_cm":635,"minecraft:play_time":45103,"minecraft:deaths":1,"minecraft:sneak_time":66,"minecraft:walk_under_water_one_cm":2512,"minecraft:jump":723,"minecraft:walk_on_water_one_cm":24409,"minecraft:total_world_time":45103,"minecraft:fall_one_cm":13564},"minecraft:used":{"minecraft:cooked_mutton":2,"minecraft:birch_planks":13,"minecraft:stone_pickaxe":109,"minecraft:wooden_pickaxe":70,"minecraft:white_wool":2,"minecraft:torch":2,"minecraft:mutton":2,"minecraft:crafting_table":6,"minecraft:white_bed":1,"minecraft:birch_door":1,"minecraft:wooden_axe":56,"minecraft:black_wool":1,"minecraft:stone_axe":6,"minecraft:light_gray_wool":1,"minecraft:wooden_sword":50,"minecraft:cobblestone":58,"minecraft:furnace":1,"minecraft:birch_log":4,"minecraft:cooked_beef":2,"minecraft:gray_wool":1},"minecraft:picked_up":{"minecraft:birch_log":44,"minecraft:charcoal":7,"minecraft:crafting_table":6,"minecraft:clay_ball":16,"minecraft:leather":1,"minecraft:raw_copper":23,"minecraft:wheat_seeds":3,"minecraft:beef":3,"minecraft:rose_bush":20,"minecraft:light_gray_wool":1,"minecraft:birch_sapling":1,"minecraft:furnace":2,"minecraft:stick":4,"minecraft:raw_iron":51,"minecraft:porkchop":2,"minecraft:white_bed":1,"minecraft:spruce_log":5,"minecraft:tropical_fish":3,"minecraft:stone_axe":1,"minecraft:gray_wool":1,"minecraft:glow_berries":1,"minecraft:black_wool":1,"minecraft:coal":16,"minecraft:mutton":13,"minecraft:white_wool":6,"minecraft:cobblestone":88},"minecraft:crafted":{"minecraft:cooked_beef":3,"minecraft:wooden_sword":2,"minecraft:crafting_table":3,"minecraft:spruce_planks":20,"minecraft:wooden_pickaxe":2,"minecraft:furnace":1,"minecraft:bucket":1,"minecraft:birch_planks":32,"minecraft:stone_axe":1,"minecraft:cooked_mutton":10,"minecraft:stick":16,"minecraft:iron_ingot":12,"minecraft:stone_pickaxe":1,"minecraft:wooden_axe":1,"minecraft:birch_door":3,"minecraft:torch":8},"minecraft:killed":{"minecraft:pig":1,"minecraft:sheep":9,"minecraft:zombie":1,"minecraft:cow":1},"minecraft:mined":{"minecraft:powder_snow":23,"minecraft:clay":4,"minecraft:crafting_table":6,"minecraft:short_grass":5,"minecraft:rose_bush":20,"minecraft:dead_bush":1,"minecraft:copper_ore":6,"minecraft:tall_grass":2,"minecraft:furnace":2,"minecraft:birch_log":44,"minecraft:iron_ore":51,"minecraft:spruce_log":5,"minecraft:birch_leaves":3,"minecraft:coal_ore":18,"minecraft:vine":1,"minecraft:stone":89,"minecraft:small_dripleaf":1,"minecraft:fern":1},"minecraft:killed_by":{"minecraft:skeleton":1}},"DataVersion":3953}