{"stats":{"minecraft:broken":{"minecraft:stone_pickaxe":1,"minecraft:wooden_axe":1,"minecraft:wooden_pickaxe":1},"minecraft:dropped":{"minecraft:iron_sword":1,"minecraft:stone_axe":2,"minecraft:birch_planks":9,"minecraft:wheat_seeds":2,"minecraft:cooked_beef":1,"minecraft:raw_copper":23,"minecraft:glow_berries":1,"minecraft:clay_ball":16,"minecraft:leather":1,"minecraft:birch_door":2,"minecraft:wooden_sword":1},"minecraft:custom":{"minecraft:interact_with_furnace":59,"minecraft:mob_kills":14,"minecraft:interact_with_crafting_table":23,"minecraft:time_since_death":55949,"minecraft:sleep_in_bed":3,"minecraft:time_since_rest":55984,"minecraft:sprint_one_cm":155478,"minecraft:damage_taken":554,"minecraft:walk_one_cm":288358,"minecraft:drop":13,"minecraft:damage_dealt":1929,"minecraft:swim_one_cm":1374,"minecraft:fly_one_cm":104007,"minecraft:crouch_one_cm":687,"minecraft:play_time":75103,"minecraft:deaths":1,"minecraft:sneak_time":85,"minecraft:walk_under_water_one_cm":24645,"minecraft:jump":1326,"minecraft:walk_on_water_one_cm":43553,"minecraft:total_world_time":75103,"minecraft:fall_one_cm":22564},"minecraft:used":{"minecraft:cooked_mutton":2,"minecraft:water_bucket":6,"minecraft:birch_planks":13,"minecraft:tropical_fish":3,"minecraft:stone_pickaxe":134,"minecraft:wooden_pickaxe":70,"minecraft:iron_sword":15,"minecraft:white_wool":2,"minecraft:torch":6,"minecraft:mutton":2,"minecraft:crafting_table":7,"minecraft:white_bed":1,"minecraft:birch_door":1,"minecraft:wooden_axe":56,"minecraft:black_wool":1,"minecraft:iron_axe":1,"minecraft:iron_pickaxe":43,"minecraft:stone_axe":19,"minecraft:light_gray_wool":1,"minecraft:wooden_sword":50,"minecraft:cobblestone":119,"minecraft:furnace":4,"minecraft:cooked_porkchop":1,"minecraft:bucket":8,"minecraft:birch_log":4,"minecraft:tropical_fish_bucket":1,"minecraft:cobbled_deepslate":7,"minecraft:cooked_beef":2,"minecraft:gray_wool":1},"minecraft:picked_up":{"minecraft:birch_log":44,"minecraft:feather":1,"minecraft:charcoal":7,"minecraft:crafting_table":7,"minecraft:chicken":1,"minecraft:clay_ball":16,"minecraft:glow_ink_sac":1,"minecraft:leather":1,"minecraft:birch_planks":13,"minecraft:flint":2,"minecraft:tuff":2,"minecraft:raw_copper":23,"minecraft:wheat_seeds":3,"minecraft:cobbled_deepslate":18,"minecraft:beef":3,"minecraft:rose_bush":20,"minecraft:light_gray_wool":1,"minecraft:birch_sapling":1,"minecraft:furnace":4,"minecraft:stick":4,"minecraft:raw_iron":51,"minecraft:torch":1,"minecraft:porkchop":3,"minecraft:white_bed":1,"minecraft:spruce_log":5,"minecraft:diamond":11,"minecraft:tropical_fish":3,"minecraft:stone_axe":1,"minecraft:gray_wool":1,"minecraft:glow_berries":1,"minecraft:black_wool":1,"minecraft:coal":16,"minecraft:mutton":13,"minecraft:white_wool":6,"minecraft:cobblestone":133},"minecraft:crafted":{"minecraft:cooked_beef":3,"minecraft:wooden_sword":2,"minecraft:cooked_porkchop":1,"minecraft:crafting_table":3,"minecraft:spruce_planks":20,"minecraft:wooden_pickaxe":2,"minecraft:iron_helmet":1,"minecraft:iron_sword":2,"minecraft:furnace":1,"minecraft:bucket":1,"minecraft:birch_planks":32,"minecraft:stone_axe":1,"minecraft:cooked_mutton":10,"minecraft:iron_boots":1,"minecraft:iron_chestplate":1,"minecraft:iron_axe":1,"minecraft:stick":24,"minecraft:iron_ingot":75,"minecraft:iron_pickaxe":1,"minecraft:stone_pickaxe":1,"minecraft:wooden_axe":1,"minecraft:iron_leggings":1,"minecraft:birch_door":3,"minecraft:torch":8},"minecraft:killed":{"minecraft:pig":2,"minecraft:sheep":9,"minecraft:zombie":1,"minecraft:chicken":1,"minecraft:cow":1},"minecraft:mined":{"minecraft:deepslate_diamond_ore":11,"minecraft:powder_snow":23,"minecraft:clay":4,"minecraft:crafting_table":7,"minecraft:short_grass":5,"minecraft:rose_bush":20,"minecraft:dead_bush":1,"minecraft:cobblestone":2,"minecraft:copper_ore":6,"minecraft:tall_grass":2,"minecraft:birch_planks":13,"minecraft:furnace":4,"minecraft:birch_log":44,"minecraft:iron_ore":51,"minecraft:spruce_log":5,"minecraft:birch_leaves":3,"minecraft:coal_ore":18,"minecraft:vine":1,"minecraft:stone":133,"minecraft:small_dripleaf":1,"minecraft:deepslate":9,"minecraft:fern":1},"minecraft:killed_by":{"minecraft:skeleton":1}},"DataVersion":3953}