{"stats":{"minecraft:dropped":{"minecraft:wheat_seeds":1},"minecraft:custom":{"minecraft:time_since_rest":2755,"minecraft:interact_with_furnace":15,"minecraft:sprint_one_cm":87456,"minecraft:damage_taken":352,"minecraft:walk_one_cm":75626,"minecraft:mob_kills":10,"minecraft:drop":1,"minecraft:damage_dealt":1014,"minecraft:interact_with_crafting_table":8,"minecraft:fly_one_cm":58949,"minecraft:crouch_one_cm":635,"minecraft:play_time":21874,"minecraft:deaths":1,"minecraft:sneak_time":66,"minecraft:jump":397,"minecraft:time_since_death":2720,"minecraft:sleep_in_bed":3,"minecraft:total_world_time":21874,"minecraft:fall_one_cm":8772},"minecraft:crafted":{"minecraft:wooden_sword":2,"minecraft:crafting_table":3,"minecraft:spruce_planks":20,"minecraft:stick":12,"minecraft:wooden_pickaxe":2,"minecraft:wooden_axe":1,"minecraft:birch_planks":12,"minecraft:cooked_mutton":10},"minecraft:used":{"minecraft:cooked_mutton":2,"minecraft:wooden_axe":56,"minecraft:black_wool":1,"minecraft:wooden_pickaxe":23,"minecraft:light_gray_wool":1,"minecraft:white_wool":2,"minecraft:wooden_sword":26,"minecraft:mutton":2,"minecraft:crafting_table":3,"minecraft:birch_log":4,"minecraft:white_bed":1,"minecraft:gray_wool":1},"minecraft:broken":{"minecraft:wooden_axe":1},"minecraft:killed":{"minecraft:sheep":9,"minecraft:pig":1},"minecraft:picked_up":{"minecraft:charcoal":7,"minecraft:birch_log":39,"minecraft:stick":3,"minecraft:crafting_table":4,"minecraft:porkchop":2,"minecraft:white_bed":1,"minecraft:spruce_log":5,"minecraft:wheat_seeds":2,"minecraft:rose_bush":20,"minecraft:gray_wool":1,"minecraft:light_gray_wool":1,"minecraft:black_wool":1,"minecraft:birch_sapling":1,"minecraft:mutton":13,"minecraft:coal":5,"minecraft:white_wool":6,"minecraft:cobblestone":8,"minecraft:furnace":1},"minecraft:mined":{"minecraft:furnace":1,"minecraft:birch_log":39,"minecraft:spruce_log":5,"minecraft:birch_leaves":3,"minecraft:powder_snow":23,"minecraft:crafting_table":4,"minecraft:short_grass":5,"minecraft:coal_ore":5,"minecraft:rose_bush":20,"minecraft:stone":9,"minecraft:fern":1},"minecraft:killed_by":{"minecraft:skeleton":1}},"DataVersion":3953}