{"stats":{"minecraft:dropped":{"minecraft:wheat_seeds":1},"minecraft:custom":{"minecraft:time_since_rest":14755,"minecraft:interact_with_furnace":17,"minecraft:sprint_one_cm":116382,"minecraft:damage_taken":437,"minecraft:walk_one_cm":103118,"minecraft:mob_kills":12,"minecraft:drop":1,"minecraft:damage_dealt":1374,"minecraft:interact_with_crafting_table":11,"minecraft:fly_one_cm":82396,"minecraft:crouch_one_cm":635,"minecraft:play_time":33874,"minecraft:deaths":1,"minecraft:sneak_time":66,"minecraft:walk_under_water_one_cm":795,"minecraft:jump":627,"minecraft:walk_on_water_one_cm":18118,"minecraft:time_since_death":14720,"minecraft:sleep_in_bed":3,"minecraft:total_world_time":33874,"minecraft:fall_one_cm":13020},"minecraft:crafted":{"minecraft:wooden_sword":2,"minecraft:crafting_table":3,"minecraft:spruce_planks":20,"minecraft:stick":16,"minecraft:wooden_pickaxe":2,"minecraft:stone_pickaxe":1,"minecraft:wooden_axe":1,"minecraft:furnace":1,"minecraft:birch_planks":32,"minecraft:stone_axe":1,"minecraft:cooked_beef":3,"minecraft:cooked_mutton":10},"minecraft:used":{"minecraft:cooked_mutton":2,"minecraft:wooden_axe":56,"minecraft:black_wool":1,"minecraft:stone_pickaxe":62,"minecraft:wooden_pickaxe":43,"minecraft:stone_axe":6,"minecraft:light_gray_wool":1,"minecraft:white_wool":2,"minecraft:wooden_sword":50,"minecraft:mutton":2,"minecraft:crafting_table":5,"minecraft:furnace":1,"minecraft:birch_log":4,"minecraft:white_bed":1,"minecraft:cooked_beef":2,"minecraft:gray_wool":1},"minecraft:broken":{"minecraft:wooden_axe":1},"minecraft:killed":{"minecraft:sheep":9,"minecraft:zombie":1,"minecraft:pig":1,"minecraft:cow":1},"minecraft:picked_up":{"minecraft:charcoal":7,"minecraft:birch_log":44,"minecraft:stick":4,"minecraft:crafting_table":6,"minecraft:leather":1,"minecraft:porkchop":2,"minecraft:white_bed":1,"minecraft:spruce_log":5,"minecraft:wheat_seeds":2,"minecraft:beef":3,"minecraft:rose_bush":20,"minecraft:gray_wool":1,"minecraft:raw_iron":47,"minecraft:light_gray_wool":1,"minecraft:black_wool":1,"minecraft:birch_sapling":1,"minecraft:mutton":13,"minecraft:coal":16,"minecraft:white_wool":6,"minecraft:cobblestone":27,"minecraft:furnace":2},"minecraft:mined":{"minecraft:furnace":2,"minecraft:iron_ore":47,"minecraft:birch_log":44,"minecraft:spruce_log":5,"minecraft:birch_leaves":3,"minecraft:powder_snow":23,"minecraft:crafting_table":6,"minecraft:short_grass":5,"minecraft:coal_ore":18,"minecraft:vine":1,"minecraft:dead_bush":1,"minecraft:rose_bush":20,"minecraft:stone":28,"minecraft:fern":1},"minecraft:killed_by":{"minecraft:skeleton":1}},"DataVersion":3953}