{"stats":{"minecraft:broken":{"minecraft:iron_shovel":2,"minecraft:wooden_pickaxe":1,"minecraft:stone_pickaxe":1,"minecraft:wooden_axe":1},"minecraft:dropped":{"minecraft:iron_sword":1,"minecraft:birch_planks":9,"minecraft:wheat_seeds":2,"minecraft:cooked_beef":1,"minecraft:glow_ink_sac":2,"minecraft:cobblestone":3,"minecraft:glow_berries":1,"minecraft:leather":1,"minecraft:apple":1,"minecraft:dirt":20,"minecraft:wooden_sword":1,"minecraft:stone_axe":2,"minecraft:cobbled_deepslate":11,"minecraft:raw_copper":23,"minecraft:tuff":4,"minecraft:clay_ball":16,"minecraft:spruce_planks":4,"minecraft:birch_door":2,"minecraft:oak_sapling":1,"minecraft:spruce_log":1,"minecraft:arrow":1,"minecraft:beef":2},"minecraft:used":{"minecraft:iron_shovel":652,"minecraft:tropical_fish":3,"minecraft:poppy":2,"minecraft:chest":1,"minecraft:iron_sword":150,"minecraft:cooked_chicken":8,"minecraft:torch":9,"minecraft:dirt":536,"minecraft:mutton":2,"minecraft:carrot":5,"minecraft:birch_door":1,"minecraft:wooden_axe":56,"minecraft:iron_axe":16,"minecraft:light_gray_wool":1,"minecraft:furnace":6,"minecraft:cooked_beef":2,"minecraft:cobbled_deepslate":7,"minecraft:cooked_mutton":2,"minecraft:water_bucket":6,"minecraft:birch_planks":13,"minecraft:stone_pickaxe":134,"minecraft:wooden_pickaxe":70,"minecraft:white_wool":2,"minecraft:crafting_table":10,"minecraft:white_bed":3,"minecraft:spruce_log":5,"minecraft:black_wool":2,"minecraft:bread":2,"minecraft:iron_pickaxe":62,"minecraft:stone_axe":19,"minecraft:wooden_sword":50,"minecraft:cobblestone":119,"minecraft:cooked_porkchop":4,"minecraft:birch_log":4,"minecraft:bucket":8,"minecraft:tropical_fish_bucket":1,"minecraft:gray_wool":1},"minecraft:custom":{"minecraft:mob_kills":47,"minecraft:interact_with_crafting_table":31,"minecraft:leave_game":3,"minecraft:time_since_death":127038,"minecraft:sprint_one_cm":404512,"minecraft:walk_one_cm":552657,"minecraft:drop":30,"minecraft:play_time":146192,"minecraft:deaths":1,"minecraft:sneak_time":87,"minecraft:walk_under_water_one_cm":27755,"minecraft:jump":2744,"minecraft:walk_on_water_one_cm":52549,"minecraft:total_world_time":146192,"minecraft:interact_with_furnace":77,"minecraft:sleep_in_bed":5,"minecraft:time_since_rest":5428,"minecraft:damage_taken":762,"minecraft:damage_dealt":6132,"minecraft:swim_one_cm":1374,"minecraft:fly_one_cm":357210,"minecraft:open_chest":8,"minecraft:crouch_one_cm":687,"minecraft:fall_one_cm":53628},"minecraft:picked_up":{"minecraft:charcoal":7,"minecraft:crafting_table":8,"minecraft:chicken":12,"minecraft:clay_ball":16,"minecraft:raw_copper":23,"minecraft:cobbled_deepslate":18,"minecraft:beef":5,"minecraft:rose_bush":20,"minecraft:poppy":3,"minecraft:light_gray_wool":1,"minecraft:chest":1,"minecraft:birch_sapling":1,"minecraft:egg":5,"minecraft:furnace":5,"minecraft:stick":4,"minecraft:raw_iron":51,"minecraft:torch":1,"minecraft:porkchop":17,"minecraft:carrot":5,"minecraft:arrow":2,"minecraft:tropical_fish":3,"minecraft:hay_block":34,"minecraft:glow_berries":1,"minecraft:mutton":23,"minecraft:cobblestone":145,"minecraft:white_wool":11,"minecraft:birch_log":44,"minecraft:feather":10,"minecraft:glow_ink_sac":2,"minecraft:leather":3,"minecraft:birch_planks":13,"minecraft:flint":2,"minecraft:tuff":4,"minecraft:oak_log":5,"minecraft:gunpowder":1,"minecraft:dirt":706,"minecraft:apple":1,"minecraft:wheat_seeds":11,"minecraft:iron_ingot":3,"minecraft:book":12,"minecraft:dandelion":5,"minecraft:ink_sac":3,"minecraft:white_bed":3,"minecraft:spruce_log":14,"minecraft:diamond":11,"minecraft:stone_axe":1,"minecraft:gray_wool":1,"minecraft:oak_sapling":5,"minecraft:black_wool":2,"minecraft:coal":16},"minecraft:crafted":{"minecraft:wooden_sword":2,"minecraft:oak_planks":20,"minecraft:cooked_chicken":8,"minecraft:furnace":2,"minecraft:cooked_mutton":14,"minecraft:iron_boots":1,"minecraft:iron_axe":1,"minecraft:stone_pickaxe":1,"minecraft:birch_door":3,"minecraft:wheat":306,"minecraft:cooked_beef":3,"minecraft:cooked_porkchop":15,"minecraft:crafting_table":5,"minecraft:spruce_planks":32,"minecraft:wooden_pickaxe":2,"minecraft:iron_helmet":1,"minecraft:iron_sword":2,"minecraft:bucket":1,"minecraft:birch_planks":32,"minecraft:stone_axe":1,"minecraft:bread":102,"minecraft:iron_chestplate":1,"minecraft:stick":44,"minecraft:iron_ingot":75,"minecraft:iron_pickaxe":1,"minecraft:wooden_axe":1,"minecraft:iron_shovel":3,"minecraft:iron_leggings":1,"minecraft:torch":8},"minecraft:killed":{"minecraft:skeleton":1,"minecraft:chicken":12,"minecraft:pig":9,"minecraft:iron_golem":1,"minecraft:creeper":2,"minecraft:sheep":15,"minecraft:zombie":4,"minecraft:villager":1,"minecraft:cow":2},"minecraft:mined":{"minecraft:white_bed":2,"minecraft:deepslate_diamond_ore":11,"minecraft:grass_block":232,"minecraft:spruce_leaves":1,"minecraft:hay_block":34,"minecraft:furnace":5,"minecraft:iron_ore":51,"minecraft:bookshelf":4,"minecraft:dirt_path":64,"minecraft:vine":1,"minecraft:stone":145,"minecraft:dandelion":5,"minecraft:powder_snow":23,"minecraft:clay":4,"minecraft:crafting_table":8,"minecraft:short_grass":22,"minecraft:chest":1,"minecraft:dead_bush":1,"minecraft:rose_bush":20,"minecraft:tall_grass":7,"minecraft:copper_ore":6,"minecraft:cobblestone":2,"minecraft:birch_planks":13,"minecraft:birch_log":44,"minecraft:spruce_log":14,"minecraft:birch_leaves":3,"minecraft:black_wool":1,"minecraft:oak_log":5,"minecraft:coal_ore":18,"minecraft:dirt":411,"minecraft:small_dripleaf":1,"minecraft:oak_leaves":68,"minecraft:deepslate":9,"minecraft:fern":1},"minecraft:killed_by":{"minecraft:skeleton":1}},"DataVersion":3953}