{"stats":{"minecraft:broken":{"minecraft:stone_pickaxe":1,"minecraft:wooden_axe":1,"minecraft:wooden_pickaxe":1},"minecraft:dropped":{"minecraft:iron_sword":1,"minecraft:stone_axe":2,"minecraft:birch_planks":9,"minecraft:wheat_seeds":2,"minecraft:cooked_beef":1,"minecraft:glow_ink_sac":2,"minecraft:cobbled_deepslate":11,"minecraft:raw_copper":23,"minecraft:tuff":4,"minecraft:glow_berries":1,"minecraft:clay_ball":16,"minecraft:leather":1,"minecraft:dirt":13,"minecraft:oak_sapling":1,"minecraft:birch_door":2,"minecraft:wooden_sword":1,"minecraft:spruce_log":1},"minecraft:custom":{"minecraft:interact_with_furnace":70,"minecraft:mob_kills":43,"minecraft:interact_with_crafting_table":25,"minecraft:leave_game":2,"minecraft:time_since_death":90960,"minecraft:sleep_in_bed":3,"minecraft:time_since_rest":90995,"minecraft:sprint_one_cm":319893,"minecraft:damage_taken":732,"minecraft:walk_one_cm":425120,"minecraft:drop":21,"minecraft:damage_dealt":4712,"minecraft:swim_one_cm":1374,"minecraft:fly_one_cm":248932,"minecraft:open_chest":1,"minecraft:crouch_one_cm":687,"minecraft:play_time":110114,"minecraft:deaths":1,"minecraft:sneak_time":85,"minecraft:walk_under_water_one_cm":24645,"minecraft:jump":2325,"minecraft:walk_on_water_one_cm":49006,"minecraft:total_world_time":110114,"minecraft:fall_one_cm":46948},"minecraft:used":{"minecraft:cooked_mutton":2,"minecraft:water_bucket":6,"minecraft:birch_planks":13,"minecraft:tropical_fish":3,"minecraft:stone_pickaxe":134,"minecraft:wooden_pickaxe":70,"minecraft:iron_sword":125,"minecraft:cooked_chicken":8,"minecraft:white_wool":2,"minecraft:torch":7,"minecraft:mutton":2,"minecraft:dirt":8,"minecraft:crafting_table":9,"minecraft:white_bed":1,"minecraft:spruce_log":5,"minecraft:birch_door":1,"minecraft:wooden_axe":56,"minecraft:black_wool":2,"minecraft:iron_axe":11,"minecraft:iron_pickaxe":60,"minecraft:light_gray_wool":1,"minecraft:stone_axe":19,"minecraft:wooden_sword":50,"minecraft:cobblestone":119,"minecraft:furnace":5,"minecraft:cooked_porkchop":2,"minecraft:bucket":8,"minecraft:birch_log":4,"minecraft:gray_wool":1,"minecraft:tropical_fish_bucket":1,"minecraft:cooked_beef":2,"minecraft:cobbled_deepslate":7},"minecraft:picked_up":{"minecraft:birch_log":44,"minecraft:charcoal":7,"minecraft:crafting_table":8,"minecraft:feather":10,"minecraft:chicken":12,"minecraft:clay_ball":16,"minecraft:glow_ink_sac":2,"minecraft:leather":3,"minecraft:birch_planks":13,"minecraft:flint":2,"minecraft:tuff":4,"minecraft:gunpowder":1,"minecraft:dirt":26,"minecraft:raw_copper":23,"minecraft:apple":1,"minecraft:wheat_seeds":5,"minecraft:cobbled_deepslate":18,"minecraft:beef":4,"minecraft:rose_bush":20,"minecraft:light_gray_wool":1,"minecraft:birch_sapling":1,"minecraft:furnace":5,"minecraft:egg":5,"minecraft:raw_iron":51,"minecraft:stick":4,"minecraft:torch":1,"minecraft:porkchop":17,"minecraft:white_bed":1,"minecraft:spruce_log":14,"minecraft:arrow":1,"minecraft:diamond":11,"minecraft:tropical_fish":3,"minecraft:stone_axe":1,"minecraft:hay_block":18,"minecraft:gray_wool":1,"minecraft:oak_sapling":1,"minecraft:black_wool":2,"minecraft:glow_berries":1,"minecraft:mutton":23,"minecraft:coal":16,"minecraft:white_wool":11,"minecraft:cobblestone":144},"minecraft:crafted":{"minecraft:cooked_beef":3,"minecraft:wooden_sword":2,"minecraft:cooked_porkchop":4,"minecraft:crafting_table":5,"minecraft:spruce_planks":32,"minecraft:cooked_chicken":8,"minecraft:wooden_pickaxe":2,"minecraft:iron_helmet":1,"minecraft:iron_sword":2,"minecraft:furnace":2,"minecraft:bucket":1,"minecraft:birch_planks":32,"minecraft:stone_axe":1,"minecraft:cooked_mutton":14,"minecraft:iron_boots":1,"minecraft:iron_chestplate":1,"minecraft:iron_axe":1,"minecraft:stick":24,"minecraft:iron_ingot":75,"minecraft:iron_pickaxe":1,"minecraft:stone_pickaxe":1,"minecraft:wooden_axe":1,"minecraft:iron_leggings":1,"minecraft:birch_door":3,"minecraft:torch":8},"minecraft:killed":{"minecraft:pig":9,"minecraft:creeper":1,"minecraft:sheep":15,"minecraft:skeleton":1,"minecraft:zombie":3,"minecraft:chicken":12,"minecraft:cow":2},"minecraft:mined":{"minecraft:deepslate_diamond_ore":11,"minecraft:powder_snow":23,"minecraft:clay":4,"minecraft:crafting_table":8,"minecraft:short_grass":15,"minecraft:grass_block":5,"minecraft:rose_bush":20,"minecraft:dead_bush":1,"minecraft:copper_ore":6,"minecraft:tall_grass":2,"minecraft:cobblestone":2,"minecraft:spruce_leaves":1,"minecraft:hay_block":18,"minecraft:birch_planks":13,"minecraft:furnace":5,"minecraft:birch_log":44,"minecraft:iron_ore":51,"minecraft:spruce_log":14,"minecraft:birch_leaves":3,"minecraft:black_wool":1,"minecraft:coal_ore":18,"minecraft:vine":1,"minecraft:dirt":21,"minecraft:stone":144,"minecraft:small_dripleaf":1,"minecraft:oak_leaves":7,"minecraft:deepslate":9,"minecraft:fern":1},"minecraft:killed_by":{"minecraft:skeleton":1}},"DataVersion":3953}