{"stats":{"minecraft:custom":{"minecraft:interact_with_furnace":31,"minecraft:mob_kills":19,"minecraft:interact_with_crafting_table":16,"minecraft:time_since_death":110,"minecraft:sleep_in_bed":3,"minecraft:time_since_rest":138,"minecraft:sprint_one_cm":100636,"minecraft:damage_taken":940,"minecraft:walk_one_cm":121504,"minecraft:damage_blocked_by_shield":115,"minecraft:damage_dealt":2855,"minecraft:fly_one_cm":125965,"minecraft:open_chest":4,"minecraft:crouch_one_cm":7767,"minecraft:play_time":35212,"minecraft:deaths":2,"minecraft:sneak_time":3672,"minecraft:jump":745,"minecraft:walk_on_water_one_cm":324,"minecraft:total_world_time":35212,"minecraft:fall_one_cm":26415},"minecraft:crafted":{"minecraft:stone_shovel":1,"minecraft:crafting_table":3,"minecraft:wooden_pickaxe":1,"minecraft:furnace":2,"minecraft:bucket":1,"minecraft:birch_planks":24,"minecraft:stone_axe":1,"minecraft:cooked_mutton":6,"minecraft:air":0,"minecraft:charcoal":11,"minecraft:shield":1,"minecraft:stick":12,"minecraft:iron_ingot":7,"minecraft:iron_pickaxe":1,"minecraft:stone_pickaxe":2,"minecraft:stone_sword":1,"minecraft:chest":2,"minecraft:white_bed":1,"minecraft:dark_oak_planks":68},"minecraft:used":{"minecraft:cooked_mutton":6,"minecraft:water_bucket":2,"minecraft:stone_sword":44,"minecraft:stone_shovel":17,"minecraft:stone_pickaxe":199,"minecraft:wooden_pickaxe":3,"minecraft:chest":2,"minecraft:shield":4,"minecraft:crafting_table":4,"minecraft:white_bed":8,"minecraft:iron_pickaxe":167,"minecraft:stone_axe":46,"minecraft:cobblestone":77,"minecraft:furnace":4,"minecraft:andesite":1,"minecraft:bucket":3},"minecraft:killed":{"minecraft:skeleton":2,"minecraft:sheep":7,"minecraft:zombie":10},"minecraft:picked_up":{"minecraft:birch_log":17,"minecraft:crafting_table":2,"minecraft:andesite":9,"minecraft:shield":1,"minecraft:dirt":21,"minecraft:bone":4,"minecraft:cobbled_deepslate":34,"minecraft:iron_ingot":5,"minecraft:iron_pickaxe":1,"minecraft:light_gray_wool":2,"minecraft:chest":2,"minecraft:birch_sapling":1,"minecraft:furnace":3,"minecraft:stick":9,"minecraft:raw_iron":43,"minecraft:dripstone_block":2,"minecraft:pointed_dripstone":3,"minecraft:diorite":8,"minecraft:white_bed":8,"minecraft:dark_oak_log":17,"minecraft:arrow":2,"minecraft:rotten_flesh":10,"minecraft:black_wool":2,"minecraft:mutton":8,"minecraft:coal":19,"minecraft:white_wool":7,"minecraft:cobblestone":295},"minecraft:broken":{"minecraft:stone_pickaxe":1},"minecraft:mined":{"minecraft:white_bed":8,"minecraft:dark_oak_log":13,"minecraft:crafting_table":3,"minecraft:grass_block":5,"minecraft:chest":2,"minecraft:cobblestone":4,"minecraft:diorite":8,"minecraft:furnace":3,"minecraft:birch_log":17,"minecraft:iron_ore":44,"minecraft:andesite":9,"minecraft:pointed_dripstone":3,"minecraft:coal_ore":14,"minecraft:dripstone_block":2,"minecraft:dirt":14,"minecraft:stone":232,"minecraft:deepslate":36}},"DataVersion":3953}