{"stats":{"minecraft:custom":{"minecraft:time_since_rest":2656,"minecraft:interact_with_furnace":27,"minecraft:sprint_one_cm":64888,"minecraft:damage_taken":475,"minecraft:walk_one_cm":71717,"minecraft:mob_kills":9,"minecraft:damage_dealt":990,"minecraft:interact_with_crafting_table":13,"minecraft:fly_one_cm":76986,"minecraft:crouch_one_cm":5703,"minecraft:play_time":23212,"minecraft:sneak_time":2185,"minecraft:jump":476,"minecraft:time_since_death":23212,"minecraft:sleep_in_bed":2,"minecraft:total_world_time":23212,"minecraft:fall_one_cm":15935},"minecraft:crafted":{"minecraft:stone_shovel":1,"minecraft:charcoal":11,"minecraft:crafting_table":3,"minecraft:stick":12,"minecraft:iron_pickaxe":1,"minecraft:iron_ingot":5,"minecraft:wooden_pickaxe":1,"minecraft:stone_pickaxe":2,"minecraft:stone_sword":1,"minecraft:furnace":2,"minecraft:white_bed":1,"minecraft:dark_oak_planks":68,"minecraft:birch_planks":24,"minecraft:stone_axe":1,"minecraft:cooked_mutton":6,"minecraft:air":0},"minecraft:used":{"minecraft:cooked_mutton":6,"minecraft:stone_shovel":17,"minecraft:stone_pickaxe":199,"minecraft:iron_pickaxe":1,"minecraft:wooden_pickaxe":3,"minecraft:stone_axe":38,"minecraft:cobblestone":61,"minecraft:crafting_table":3,"minecraft:furnace":3,"minecraft:white_bed":3},"minecraft:killed":{"minecraft:sheep":7,"minecraft:zombie":2},"minecraft:picked_up":{"minecraft:birch_log":17,"minecraft:crafting_table":1,"minecraft:stick":9,"minecraft:raw_iron":5,"minecraft:white_bed":3,"minecraft:dark_oak_log":17,"minecraft:dirt":21,"minecraft:rotten_flesh":2,"minecraft:light_gray_wool":1,"minecraft:coal":7,"minecraft:black_wool":1,"minecraft:birch_sapling":1,"minecraft:mutton":8,"minecraft:white_wool":5,"minecraft:cobblestone":177,"minecraft:furnace":2},"minecraft:broken":{"minecraft:stone_pickaxe":1},"minecraft:mined":{"minecraft:white_bed":3,"minecraft:furnace":2,"minecraft:birch_log":17,"minecraft:iron_ore":6,"minecraft:dark_oak_log":13,"minecraft:crafting_table":2,"minecraft:grass_block":5,"minecraft:coal_ore":4,"minecraft:dirt":14,"minecraft:cobblestone":2,"minecraft:stone":179}},"DataVersion":3953}