{"stats":{"minecraft:broken":{"minecraft:stone_pickaxe":1,"minecraft:iron_pickaxe":1},"minecraft:custom":{"minecraft:interact_with_furnace":32,"minecraft:mob_kills":21,"minecraft:interact_with_crafting_table":19,"minecraft:leave_game":2,"minecraft:time_since_death":7453,"minecraft:sleep_in_bed":4,"minecraft:climb_one_cm":3376,"minecraft:time_since_rest":7476,"minecraft:sprint_one_cm":133038,"minecraft:damage_taken":1394,"minecraft:walk_one_cm":171600,"minecraft:damage_blocked_by_shield":115,"minecraft:damage_dealt":3254,"minecraft:swim_one_cm":158,"minecraft:fly_one_cm":189352,"minecraft:open_chest":20,"minecraft:crouch_one_cm":12289,"minecraft:play_time":51095,"minecraft:deaths":4,"minecraft:sneak_time":5432,"minecraft:walk_under_water_one_cm":244,"minecraft:jump":989,"minecraft:walk_on_water_one_cm":1040,"minecraft:total_world_time":51095,"minecraft:fall_one_cm":38754},"minecraft:used":{"minecraft:cooked_mutton":6,"minecraft:water_bucket":2,"minecraft:stone_sword":53,"minecraft:stone_shovel":17,"minecraft:stone_pickaxe":202,"minecraft:wooden_pickaxe":3,"minecraft:chest":4,"minecraft:shield":4,"minecraft:crafting_table":5,"minecraft:white_bed":10,"minecraft:dark_oak_door":1,"minecraft:iron_pickaxe":335,"minecraft:stone_axe":46,"minecraft:cobblestone":86,"minecraft:furnace":5,"minecraft:bucket":3,"minecraft:andesite":1},"minecraft:picked_up":{"minecraft:birch_log":17,"minecraft:crafting_table":3,"minecraft:water_bucket":1,"minecraft:andesite":17,"minecraft:tuff":55,"minecraft:shield":1,"minecraft:dirt":42,"minecraft:bone":8,"minecraft:cobbled_deepslate":182,"minecraft:stone_pickaxe":1,"minecraft:iron_ingot":10,"minecraft:iron_pickaxe":1,"minecraft:light_gray_wool":2,"minecraft:chest":4,"minecraft:birch_sapling":2,"minecraft:furnace":4,"minecraft:stick":10,"minecraft:raw_iron":75,"minecraft:dripstone_block":4,"minecraft:pointed_dripstone":6,"minecraft:diorite":16,"minecraft:white_bed":9,"minecraft:dark_oak_log":17,"minecraft:dark_oak_planks":45,"minecraft:rotten_flesh":20,"minecraft:stone_sword":1,"minecraft:arrow":4,"minecraft:stone_shovel":1,"minecraft:stone_axe":1,"minecraft:black_wool":2,"minecraft:mutton":10,"minecraft:coal":31,"minecraft:white_wool":7,"minecraft:cobblestone":360},"minecraft:crafted":{"minecraft:stone_shovel":1,"minecraft:crafting_table":3,"minecraft:wooden_pickaxe":1,"minecraft:furnace":2,"minecraft:bucket":1,"minecraft:birch_planks":24,"minecraft:stone_axe":1,"minecraft:cooked_mutton":6,"minecraft:air":0,"minecraft:dark_oak_door":3,"minecraft:charcoal":11,"minecraft:shield":1,"minecraft:stick":16,"minecraft:iron_ingot":7,"minecraft:iron_pickaxe":2,"minecraft:stone_pickaxe":2,"minecraft:stone_sword":1,"minecraft:chest":2,"minecraft:white_bed":1,"minecraft:dark_oak_planks":68},"minecraft:killed":{"minecraft:sheep":7,"minecraft:skeleton":2,"minecraft:zombie":12},"minecraft:mined":{"minecraft:tuff":55,"minecraft:white_bed":9,"minecraft:dark_oak_log":13,"minecraft:crafting_table":3,"minecraft:grass_block":5,"minecraft:chest":2,"minecraft:cobblestone":7,"minecraft:diorite":8,"minecraft:furnace":3,"minecraft:birch_log":17,"minecraft:iron_ore":44,"minecraft:andesite":9,"minecraft:pointed_dripstone":3,"minecraft:coal_ore":14,"minecraft:dripstone_block":2,"minecraft:dirt":14,"minecraft:stone":232,"minecraft:deepslate":148},"minecraft:killed_by":{"minecraft:zombie":1}},"DataVersion":3953}