{"stats":{"minecraft:broken":{"minecraft:stone_pickaxe":1,"minecraft:iron_pickaxe":3,"minecraft:stone_shovel":1},"minecraft:dropped":{"minecraft:bread":29,"minecraft:granite":4,"minecraft:torch":1,"minecraft:crying_obsidian":3},"minecraft:custom":{"minecraft:mob_kills":35,"minecraft:interact_with_crafting_table":33,"minecraft:leave_game":4,"minecraft:time_since_death":28133,"minecraft:climb_one_cm":3376,"minecraft:sprint_one_cm":271689,"minecraft:walk_one_cm":286768,"minecraft:damage_blocked_by_shield":115,"minecraft:drop":6,"minecraft:play_time":112384,"minecraft:deaths":7,"minecraft:sneak_time":6579,"minecraft:walk_under_water_one_cm":6785,"minecraft:boat_one_cm":223306,"minecraft:jump":2105,"minecraft:walk_on_water_one_cm":6648,"minecraft:total_world_time":112384,"minecraft:interact_with_furnace":38,"minecraft:sleep_in_bed":12,"minecraft:time_since_rest":14165,"minecraft:damage_taken":2370,"minecraft:damage_dealt":3900,"minecraft:swim_one_cm":27196,"minecraft:fly_one_cm":449209,"minecraft:open_chest":63,"minecraft:crouch_one_cm":13613,"minecraft:fall_one_cm":74400},"minecraft:used":{"minecraft:stone_sword":53,"minecraft:iron_shovel":25,"minecraft:flint_and_steel":2,"minecraft:stone_shovel":132,"minecraft:chest":10,"minecraft:shield":4,"minecraft:stone_hoe":12,"minecraft:netherrack":5,"minecraft:dirt":36,"minecraft:nether_bricks":3,"minecraft:tuff":4,"minecraft:obsidian":4,"minecraft:furnace":7,"minecraft:cobbled_deepslate":66,"minecraft:cooked_mutton":6,"minecraft:water_bucket":5,"minecraft:birch_planks":8,"minecraft:stone_pickaxe":202,"minecraft:wooden_pickaxe":3,"minecraft:birch_boat":1,"minecraft:crafting_table":9,"minecraft:blast_furnace":1,"minecraft:white_bed":14,"minecraft:dark_oak_door":1,"minecraft:diamond_pickaxe":57,"minecraft:bread":4,"minecraft:iron_pickaxe":866,"minecraft:stone_axe":97,"minecraft:cobblestone":166,"minecraft:andesite":1,"minecraft:bucket":6},"minecraft:picked_up":{"minecraft:crafting_table":6,"minecraft:enchanted_book":1,"minecraft:stone_brick_stairs":2,"minecraft:shield":1,"minecraft:flint_and_steel":1,"minecraft:gold_nugget":9,"minecraft:cobbled_deepslate":934,"minecraft:spruce_planks":64,"minecraft:beef":4,"minecraft:poppy":1,"minecraft:light_gray_wool":2,"minecraft:iron_pickaxe":1,"minecraft:sugar_cane":19,"minecraft:chest":7,"minecraft:birch_sapling":2,"minecraft:furnace":7,"minecraft:raw_iron":92,"minecraft:stick":19,"minecraft:composter":1,"minecraft:oak_fence":6,"minecraft:torch":9,"minecraft:pointed_dripstone":6,"minecraft:diorite":16,"minecraft:carrot":12,"minecraft:redstone":9,"minecraft:dark_oak_planks":45,"minecraft:stone_shovel":1,"minecraft:rotten_flesh":20,"minecraft:stone_sword":1,"minecraft:arrow":4,"minecraft:beetroot_seeds":1,"minecraft:nether_bricks":3,"minecraft:hay_block":14,"minecraft:gold_ingot":1,"minecraft:mutton":10,"minecraft:obsidian":10,"minecraft:cobblestone":617,"minecraft:white_wool":7,"minecraft:birch_log":35,"minecraft:andesite":25,"minecraft:water_bucket":1,"minecraft:salmon":11,"minecraft:leather":3,"minecraft:potato":5,"minecraft:birch_planks":50,"minecraft:flint":1,"minecraft:tuff":209,"minecraft:gunpowder":18,"minecraft:dirt":181,"minecraft:bone":10,"minecraft:apple":1,"minecraft:stonecutter":1,"minecraft:wheat_seeds":18,"minecraft:iron_ingot":42,"minecraft:stone_pickaxe":1,"minecraft:stripped_oak_wood":2,"minecraft:birch_boat":1,"minecraft:dandelion":2,"minecraft:dripstone_block":20,"minecraft:gravel":1,"minecraft:blast_furnace":3,"minecraft:white_bed":13,"minecraft:crying_obsidian":5,"minecraft:dark_oak_log":17,"minecraft:diamond":13,"minecraft:stone_axe":2,"minecraft:granite":12,"minecraft:black_wool":2,"minecraft:netherrack":17,"minecraft:coal":63},"minecraft:crafted":{"minecraft:stone_shovel":1,"minecraft:birch_boat":1,"minecraft:furnace":2,"minecraft:cooked_mutton":6,"minecraft:dark_oak_door":3,"minecraft:stone_pickaxe":2,"minecraft:chest":7,"minecraft:dark_oak_planks":68,"minecraft:stone_hoe":1,"minecraft:wheat":126,"minecraft:crafting_table":5,"minecraft:wooden_pickaxe":1,"minecraft:bucket":1,"minecraft:birch_planks":96,"minecraft:stone_axe":1,"minecraft:air":0,"minecraft:bread":42,"minecraft:charcoal":11,"minecraft:diamond_pickaxe":1,"minecraft:shield":1,"minecraft:stick":28,"minecraft:iron_ingot":39,"minecraft:iron_pickaxe":4,"minecraft:stone_sword":1,"minecraft:iron_shovel":1,"minecraft:white_bed":1},"minecraft:killed":{"minecraft:skeleton":3,"minecraft:salmon":11,"minecraft:sheep":7,"minecraft:zombie":12,"minecraft:cow":2},"minecraft:mined":{"minecraft:crying_obsidian":1,"minecraft:tuff":146,"minecraft:white_bed":13,"minecraft:deepslate_diamond_ore":8,"minecraft:dark_oak_log":13,"minecraft:obsidian":7,"minecraft:nether_bricks":3,"minecraft:granite":4,"minecraft:grass_block":50,"minecraft:composter":1,"minecraft:hay_block":14,"minecraft:furnace":5,"minecraft:carrots":12,"minecraft:cobbled_deepslate":33,"minecraft:iron_ore":45,"minecraft:fire":3,"minecraft:andesite":13,"minecraft:sculk_shrieker":2,"minecraft:potatoes":5,"minecraft:pointed_dripstone":3,"minecraft:deepslate_iron_ore":8,"minecraft:dirt_path":82,"minecraft:stone":318,"minecraft:dandelion":2,"minecraft:oak_fence":6,"minecraft:crafting_table":6,"minecraft:short_grass":61,"minecraft:blast_furnace":3,"minecraft:poppy":2,"minecraft:chest":4,"minecraft:cobblestone":8,"minecraft:tall_grass":33,"minecraft:sugar_cane":8,"minecraft:diorite":8,"minecraft:birch_log":35,"minecraft:wheat":7,"minecraft:stripped_oak_wood":2,"minecraft:coal_ore":38,"minecraft:beetroots":1,"minecraft:gravel":2,"minecraft:dripstone_block":2,"minecraft:dirt":27,"minecraft:stonecutter":1,"minecraft:netherrack":11,"minecraft:deepslate":445},"minecraft:killed_by":{"minecraft:warden":1,"minecraft:zombie":1}},"DataVersion":3953}