{"stats":{"minecraft:broken":{"minecraft:stone_pickaxe":1,"minecraft:iron_pickaxe":2},"minecraft:custom":{"minecraft:interact_with_furnace":34,"minecraft:mob_kills":21,"minecraft:interact_with_crafting_table":21,"minecraft:leave_game":4,"minecraft:time_since_death":20742,"minecraft:sleep_in_bed":4,"minecraft:climb_one_cm":3376,"minecraft:time_since_rest":20765,"minecraft:sprint_one_cm":157035,"minecraft:damage_taken":1394,"minecraft:walk_one_cm":201354,"minecraft:damage_blocked_by_shield":115,"minecraft:damage_dealt":3274,"minecraft:swim_one_cm":158,"minecraft:fly_one_cm":198373,"minecraft:open_chest":24,"minecraft:crouch_one_cm":12487,"minecraft:play_time":64384,"minecraft:sneak_time":5540,"minecraft:deaths":4,"minecraft:walk_under_water_one_cm":244,"minecraft:jump":1083,"minecraft:walk_on_water_one_cm":1040,"minecraft:total_world_time":64384,"minecraft:fall_one_cm":39439},"minecraft:used":{"minecraft:cooked_mutton":6,"minecraft:water_bucket":2,"minecraft:stone_sword":53,"minecraft:stone_shovel":17,"minecraft:stone_pickaxe":202,"minecraft:wooden_pickaxe":3,"minecraft:chest":4,"minecraft:shield":4,"minecraft:crafting_table":5,"minecraft:white_bed":10,"minecraft:tuff":4,"minecraft:dark_oak_door":1,"minecraft:iron_pickaxe":675,"minecraft:stone_axe":46,"minecraft:cobblestone":86,"minecraft:furnace":5,"minecraft:bucket":3,"minecraft:andesite":1,"minecraft:cobbled_deepslate":33},"minecraft:picked_up":{"minecraft:birch_log":17,"minecraft:crafting_table":3,"minecraft:water_bucket":1,"minecraft:andesite":17,"minecraft:flint":1,"minecraft:tuff":113,"minecraft:shield":1,"minecraft:dirt":42,"minecraft:bone":8,"minecraft:cobbled_deepslate":457,"minecraft:stone_pickaxe":1,"minecraft:iron_ingot":10,"minecraft:iron_pickaxe":1,"minecraft:light_gray_wool":2,"minecraft:chest":4,"minecraft:birch_sapling":2,"minecraft:furnace":4,"minecraft:stick":10,"minecraft:raw_iron":83,"minecraft:dripstone_block":4,"minecraft:gravel":1,"minecraft:pointed_dripstone":6,"minecraft:diorite":16,"minecraft:white_bed":9,"minecraft:dark_oak_log":17,"minecraft:dark_oak_planks":45,"minecraft:stone_sword":1,"minecraft:arrow":4,"minecraft:rotten_flesh":20,"minecraft:stone_shovel":1,"minecraft:diamond":2,"minecraft:stone_axe":1,"minecraft:black_wool":2,"minecraft:mutton":10,"minecraft:coal":31,"minecraft:white_wool":7,"minecraft:cobblestone":360},"minecraft:crafted":{"minecraft:stone_shovel":1,"minecraft:crafting_table":3,"minecraft:wooden_pickaxe":1,"minecraft:furnace":2,"minecraft:bucket":1,"minecraft:birch_planks":24,"minecraft:stone_axe":1,"minecraft:cooked_mutton":6,"minecraft:air":0,"minecraft:dark_oak_door":3,"minecraft:charcoal":11,"minecraft:shield":1,"minecraft:stick":28,"minecraft:iron_ingot":14,"minecraft:iron_pickaxe":4,"minecraft:stone_pickaxe":2,"minecraft:stone_sword":1,"minecraft:chest":2,"minecraft:white_bed":1,"minecraft:dark_oak_planks":68},"minecraft:killed":{"minecraft:sheep":7,"minecraft:skeleton":2,"minecraft:zombie":12},"minecraft:mined":{"minecraft:tuff":113,"minecraft:white_bed":9,"minecraft:deepslate_diamond_ore":2,"minecraft:dark_oak_log":13,"minecraft:crafting_table":3,"minecraft:grass_block":5,"minecraft:chest":2,"minecraft:cobblestone":7,"minecraft:diorite":8,"minecraft:furnace":3,"minecraft:birch_log":17,"minecraft:iron_ore":44,"minecraft:cobbled_deepslate":33,"minecraft:andesite":9,"minecraft:deepslate_iron_ore":8,"minecraft:pointed_dripstone":3,"minecraft:coal_ore":14,"minecraft:gravel":2,"minecraft:dripstone_block":2,"minecraft:dirt":14,"minecraft:stone":232,"minecraft:deepslate":385},"minecraft:killed_by":{"minecraft:zombie":1}},"DataVersion":3953}