{"stats":{"minecraft:broken":{"minecraft:stone_pickaxe":1,"minecraft:iron_pickaxe":3},"minecraft:dropped":{"minecraft:granite":4,"minecraft:torch":1,"minecraft:crying_obsidian":3},"minecraft:custom":{"minecraft:interact_with_furnace":36,"minecraft:mob_kills":22,"minecraft:interact_with_crafting_table":25,"minecraft:leave_game":4,"minecraft:time_since_death":4133,"minecraft:sleep_in_bed":5,"minecraft:climb_one_cm":3376,"minecraft:time_since_rest":4156,"minecraft:sprint_one_cm":214823,"minecraft:damage_taken":2330,"minecraft:walk_one_cm":244339,"minecraft:damage_blocked_by_shield":115,"minecraft:drop":5,"minecraft:damage_dealt":3370,"minecraft:swim_one_cm":12942,"minecraft:fly_one_cm":328323,"minecraft:open_chest":51,"minecraft:crouch_one_cm":13337,"minecraft:play_time":88384,"minecraft:sneak_time":6437,"minecraft:deaths":7,"minecraft:walk_under_water_one_cm":3068,"minecraft:jump":1694,"minecraft:walk_on_water_one_cm":5167,"minecraft:total_world_time":88384,"minecraft:fall_one_cm":62230},"minecraft:used":{"minecraft:cooked_mutton":6,"minecraft:water_bucket":5,"minecraft:stone_sword":53,"minecraft:flint_and_steel":1,"minecraft:stone_shovel":17,"minecraft:stone_pickaxe":202,"minecraft:wooden_pickaxe":3,"minecraft:chest":8,"minecraft:shield":4,"minecraft:netherrack":5,"minecraft:crafting_table":6,"minecraft:nether_bricks":3,"minecraft:white_bed":12,"minecraft:tuff":4,"minecraft:dark_oak_door":1,"minecraft:obsidian":4,"minecraft:diamond_pickaxe":25,"minecraft:iron_pickaxe":866,"minecraft:stone_axe":70,"minecraft:cobblestone":166,"minecraft:furnace":5,"minecraft:bucket":6,"minecraft:andesite":1,"minecraft:cobbled_deepslate":66},"minecraft:picked_up":{"minecraft:birch_log":35,"minecraft:crafting_table":4,"minecraft:water_bucket":1,"minecraft:andesite":25,"minecraft:birch_planks":50,"minecraft:enchanted_book":1,"minecraft:flint":1,"minecraft:tuff":209,"minecraft:stone_brick_stairs":2,"minecraft:shield":1,"minecraft:gunpowder":18,"minecraft:dirt":42,"minecraft:flint_and_steel":1,"minecraft:bone":10,"minecraft:gold_nugget":9,"minecraft:cobbled_deepslate":934,"minecraft:spruce_planks":64,"minecraft:stone_pickaxe":1,"minecraft:iron_ingot":42,"minecraft:iron_pickaxe":1,"minecraft:light_gray_wool":2,"minecraft:chest":7,"minecraft:birch_sapling":2,"minecraft:furnace":6,"minecraft:stick":19,"minecraft:raw_iron":91,"minecraft:torch":1,"minecraft:dripstone_block":20,"minecraft:gravel":1,"minecraft:pointed_dripstone":6,"minecraft:diorite":16,"minecraft:white_bed":12,"minecraft:redstone":9,"minecraft:crying_obsidian":5,"minecraft:dark_oak_log":17,"minecraft:dark_oak_planks":45,"minecraft:stone_sword":1,"minecraft:arrow":4,"minecraft:rotten_flesh":20,"minecraft:stone_shovel":1,"minecraft:diamond":13,"minecraft:stone_axe":2,"minecraft:nether_bricks":3,"minecraft:granite":12,"minecraft:gold_ingot":1,"minecraft:netherrack":17,"minecraft:black_wool":2,"minecraft:obsidian":10,"minecraft:mutton":10,"minecraft:coal":42,"minecraft:white_wool":7,"minecraft:cobblestone":609},"minecraft:crafted":{"minecraft:stone_shovel":1,"minecraft:crafting_table":3,"minecraft:wooden_pickaxe":1,"minecraft:furnace":2,"minecraft:bucket":1,"minecraft:birch_planks":96,"minecraft:stone_axe":1,"minecraft:cooked_mutton":6,"minecraft:air":0,"minecraft:dark_oak_door":3,"minecraft:diamond_pickaxe":1,"minecraft:charcoal":11,"minecraft:shield":1,"minecraft:stick":28,"minecraft:iron_ingot":39,"minecraft:iron_pickaxe":4,"minecraft:stone_pickaxe":2,"minecraft:stone_sword":1,"minecraft:chest":5,"minecraft:white_bed":1,"minecraft:dark_oak_planks":68},"minecraft:killed":{"minecraft:sheep":7,"minecraft:skeleton":3,"minecraft:zombie":12},"minecraft:mined":{"minecraft:crying_obsidian":1,"minecraft:tuff":146,"minecraft:white_bed":12,"minecraft:deepslate_diamond_ore":8,"minecraft:dark_oak_log":13,"minecraft:obsidian":7,"minecraft:crafting_table":4,"minecraft:nether_bricks":3,"minecraft:granite":4,"minecraft:grass_block":5,"minecraft:chest":4,"minecraft:cobblestone":8,"minecraft:diorite":8,"minecraft:furnace":4,"minecraft:fire":2,"minecraft:birch_log":35,"minecraft:iron_ore":44,"minecraft:cobbled_deepslate":33,"minecraft:andesite":13,"minecraft:sculk_shrieker":2,"minecraft:deepslate_iron_ore":8,"minecraft:pointed_dripstone":3,"minecraft:coal_ore":17,"minecraft:gravel":2,"minecraft:dripstone_block":2,"minecraft:dirt":14,"minecraft:stone":313,"minecraft:netherrack":11,"minecraft:deepslate":445},"minecraft:killed_by":{"minecraft:warden":1,"minecraft:zombie":1}},"DataVersion":3953}