{"stats":{"minecraft:broken":{"minecraft:iron_shovel":2,"minecraft:stone_pickaxe":1,"minecraft:stone_axe":1,"minecraft:iron_pickaxe":3,"minecraft:stone_shovel":1},"minecraft:dropped":{"minecraft:bread":29,"minecraft:granite":4,"minecraft:torch":1,"minecraft:crying_obsidian":3},"minecraft:custom":{"minecraft:mob_kills":37,"minecraft:interact_with_crafting_table":35,"minecraft:leave_game":5,"minecraft:time_since_death":59350,"minecraft:climb_one_cm":3376,"minecraft:sprint_one_cm":342018,"minecraft:walk_one_cm":370773,"minecraft:damage_blocked_by_shield":140,"minecraft:drop":6,"minecraft:play_time":143601,"minecraft:deaths":7,"minecraft:sneak_time":7106,"minecraft:walk_under_water_one_cm":45563,"minecraft:boat_one_cm":223306,"minecraft:jump":2699,"minecraft:walk_on_water_one_cm":14007,"minecraft:total_world_time":143601,"minecraft:interact_with_furnace":45,"minecraft:sleep_in_bed":14,"minecraft:time_since_rest":12567,"minecraft:damage_taken":2750,"minecraft:damage_dealt":4301,"minecraft:swim_one_cm":71115,"minecraft:fly_one_cm":603380,"minecraft:open_chest":97,"minecraft:crouch_one_cm":14278,"minecraft:fall_one_cm":84169},"minecraft:used":{"minecraft:stone_sword":53,"minecraft:iron_shovel":502,"minecraft:flint_and_steel":2,"minecraft:stone_shovel":132,"minecraft:chest":11,"minecraft:shield":5,"minecraft:stone_hoe":98,"minecraft:netherrack":5,"minecraft:dirt":612,"minecraft:nether_bricks":3,"minecraft:carrot":38,"minecraft:tuff":4,"minecraft:obsidian":4,"minecraft:iron_axe":49,"minecraft:furnace":8,"minecraft:potato":11,"minecraft:cobbled_deepslate":66,"minecraft:cooked_mutton":8,"minecraft:water_bucket":6,"minecraft:birch_planks":8,"minecraft:stone_pickaxe":202,"minecraft:wooden_pickaxe":3,"minecraft:birch_boat":1,"minecraft:crafting_table":9,"minecraft:blast_furnace":1,"minecraft:white_bed":14,"minecraft:dark_oak_door":1,"minecraft:diamond_pickaxe":76,"minecraft:bread":13,"minecraft:iron_pickaxe":866,"minecraft:stone_axe":99,"minecraft:cobblestone":166,"minecraft:andesite":1,"minecraft:bucket":7},"minecraft:picked_up":{"minecraft:crafting_table":6,"minecraft:wheat":2,"minecraft:gold_block":16,"minecraft:enchanted_book":1,"minecraft:stone_brick_stairs":2,"minecraft:shield":1,"minecraft:flint_and_steel":1,"minecraft:netherite_ingot":1,"minecraft:blackstone":8,"minecraft:diamond_leggings":1,"minecraft:gold_nugget":9,"minecraft:cobbled_deepslate":934,"minecraft:spruce_planks":64,"minecraft:beef":4,"minecraft:netherite_upgrade_smithing_template":1,"minecraft:poppy":3,"minecraft:light_gray_wool":2,"minecraft:iron_pickaxe":1,"minecraft:lectern":1,"minecraft:sugar_cane":19,"minecraft:chest":8,"minecraft:birch_sapling":2,"minecraft:furnace":8,"minecraft:raw_iron":92,"minecraft:stick":21,"minecraft:composter":2,"minecraft:oak_fence":6,"minecraft:torch":9,"minecraft:polished_blackstone_bricks":19,"minecraft:pointed_dripstone":6,"minecraft:diorite":16,"minecraft:carrot":38,"minecraft:redstone":9,"minecraft:dark_oak_planks":45,"minecraft:stone_shovel":1,"minecraft:rotten_flesh":20,"minecraft:stone_sword":1,"minecraft:arrow":4,"minecraft:beetroot_seeds":1,"minecraft:nether_bricks":3,"minecraft:hay_block":14,"minecraft:gold_ingot":1,"minecraft:mutton":10,"minecraft:obsidian":10,"minecraft:cobblestone":629,"minecraft:white_wool":7,"minecraft:birch_log":35,"minecraft:basalt":1,"minecraft:andesite":25,"minecraft:water_bucket":1,"minecraft:salmon":11,"minecraft:leather":3,"minecraft:potato":11,"minecraft:birch_planks":50,"minecraft:flint":1,"minecraft:tuff":209,"minecraft:oak_log":39,"minecraft:ancient_debris":2,"minecraft:gunpowder":18,"minecraft:dirt":666,"minecraft:bone":11,"minecraft:apple":1,"minecraft:bow":1,"minecraft:stonecutter":1,"minecraft:wheat_seeds":44,"minecraft:iron_ingot":50,"minecraft:stone_pickaxe":1,"minecraft:stripped_oak_wood":2,"minecraft:oak_planks":4,"minecraft:chiseled_polished_blackstone":1,"minecraft:birch_boat":1,"minecraft:dandelion":2,"minecraft:dripstone_block":20,"minecraft:gravel":1,"minecraft:blast_furnace":3,"minecraft:white_bed":13,"minecraft:crying_obsidian":5,"minecraft:dark_oak_log":17,"minecraft:diamond":13,"minecraft:stone_axe":2,"minecraft:granite":12,"minecraft:oak_sapling":2,"minecraft:black_wool":2,"minecraft:netherrack":17,"minecraft:coal":69},"minecraft:crafted":{"minecraft:oak_planks":20,"minecraft:stone_shovel":1,"minecraft:birch_boat":1,"minecraft:furnace":2,"minecraft:cooked_mutton":12,"minecraft:dark_oak_door":3,"minecraft:iron_axe":1,"minecraft:stone_pickaxe":2,"minecraft:chest":7,"minecraft:dark_oak_planks":68,"minecraft:stone_hoe":1,"minecraft:wheat":126,"minecraft:crafting_table":5,"minecraft:wooden_pickaxe":1,"minecraft:bucket":1,"minecraft:birch_planks":96,"minecraft:stone_axe":1,"minecraft:air":0,"minecraft:bread":42,"minecraft:charcoal":11,"minecraft:diamond_pickaxe":1,"minecraft:shield":1,"minecraft:stick":28,"minecraft:iron_ingot":39,"minecraft:iron_pickaxe":4,"minecraft:stone_sword":1,"minecraft:iron_shovel":2,"minecraft:white_bed":1},"minecraft:killed":{"minecraft:skeleton":4,"minecraft:salmon":11,"minecraft:sheep":7,"minecraft:zombie":13,"minecraft:cow":2},"minecraft:mined":{"minecraft:crying_obsidian":1,"minecraft:tuff":146,"minecraft:white_bed":13,"minecraft:farmland":25,"minecraft:deepslate_diamond_ore":8,"minecraft:dark_oak_log":13,"minecraft:obsidian":7,"minecraft:nether_bricks":3,"minecraft:granite":4,"minecraft:grass_block":151,"minecraft:composter":2,"minecraft:hay_block":14,"minecraft:furnace":6,"minecraft:carrots":25,"minecraft:cobbled_deepslate":33,"minecraft:iron_ore":45,"minecraft:fire":3,"minecraft:andesite":13,"minecraft:sculk_shrieker":2,"minecraft:potatoes":9,"minecraft:pointed_dripstone":3,"minecraft:deepslate_iron_ore":8,"minecraft:dirt_path":184,"minecraft:stone":330,"minecraft:dandelion":2,"minecraft:oak_fence":6,"minecraft:crafting_table":6,"minecraft:short_grass":64,"minecraft:blast_furnace":3,"minecraft:poppy":4,"minecraft:chest":5,"minecraft:lectern":1,"minecraft:cobblestone":8,"minecraft:tall_grass":33,"minecraft:oak_planks":4,"minecraft:sugar_cane":8,"minecraft:diorite":8,"minecraft:seagrass":2,"minecraft:birch_log":35,"minecraft:wheat":25,"minecraft:stripped_oak_wood":2,"minecraft:oak_log":39,"minecraft:coal_ore":38,"minecraft:beetroots":1,"minecraft:gravel":2,"minecraft:dripstone_block":2,"minecraft:dirt":278,"minecraft:stonecutter":1,"minecraft:netherrack":11,"minecraft:deepslate":445},"minecraft:killed_by":{"minecraft:warden":1,"minecraft:zombie":1}},"DataVersion":3953}