{"stats":{"minecraft:broken":{"minecraft:stone_pickaxe":1,"minecraft:iron_pickaxe":3},"minecraft:custom":{"minecraft:interact_with_furnace":36,"minecraft:mob_kills":21,"minecraft:interact_with_crafting_table":21,"minecraft:leave_game":4,"minecraft:time_since_death":6029,"minecraft:sleep_in_bed":5,"minecraft:climb_one_cm":3376,"minecraft:time_since_rest":4513,"minecraft:sprint_one_cm":192264,"minecraft:damage_taken":2150,"minecraft:walk_one_cm":214466,"minecraft:damage_blocked_by_shield":115,"minecraft:damage_dealt":3289,"minecraft:swim_one_cm":158,"minecraft:fly_one_cm":273172,"minecraft:open_chest":34,"minecraft:crouch_one_cm":12532,"minecraft:play_time":76384,"minecraft:sneak_time":5553,"minecraft:deaths":6,"minecraft:walk_under_water_one_cm":244,"minecraft:jump":1461,"minecraft:walk_on_water_one_cm":1040,"minecraft:total_world_time":76384,"minecraft:fall_one_cm":55949},"minecraft:used":{"minecraft:cooked_mutton":6,"minecraft:water_bucket":2,"minecraft:stone_sword":53,"minecraft:stone_shovel":17,"minecraft:stone_pickaxe":202,"minecraft:wooden_pickaxe":3,"minecraft:chest":4,"minecraft:shield":4,"minecraft:crafting_table":5,"minecraft:white_bed":11,"minecraft:tuff":4,"minecraft:dark_oak_door":1,"minecraft:iron_pickaxe":848,"minecraft:stone_axe":47,"minecraft:cobblestone":159,"minecraft:furnace":5,"minecraft:bucket":3,"minecraft:andesite":1,"minecraft:cobbled_deepslate":66},"minecraft:picked_up":{"minecraft:birch_log":17,"minecraft:crafting_table":4,"minecraft:water_bucket":1,"minecraft:andesite":21,"minecraft:flint":1,"minecraft:tuff":145,"minecraft:shield":1,"minecraft:dirt":42,"minecraft:bone":8,"minecraft:cobbled_deepslate":517,"minecraft:stone_pickaxe":1,"minecraft:iron_ingot":10,"minecraft:iron_pickaxe":1,"minecraft:light_gray_wool":2,"minecraft:chest":4,"minecraft:birch_sapling":2,"minecraft:furnace":5,"minecraft:stick":10,"minecraft:raw_iron":83,"minecraft:dripstone_block":4,"minecraft:gravel":1,"minecraft:pointed_dripstone":6,"minecraft:diorite":16,"minecraft:white_bed":11,"minecraft:dark_oak_log":17,"minecraft:dark_oak_planks":45,"minecraft:stone_sword":1,"minecraft:arrow":4,"minecraft:rotten_flesh":20,"minecraft:stone_shovel":1,"minecraft:diamond":8,"minecraft:stone_axe":1,"minecraft:granite":4,"minecraft:black_wool":2,"minecraft:mutton":10,"minecraft:coal":31,"minecraft:white_wool":7,"minecraft:cobblestone":423},"minecraft:crafted":{"minecraft:stone_shovel":1,"minecraft:crafting_table":3,"minecraft:wooden_pickaxe":1,"minecraft:furnace":2,"minecraft:bucket":1,"minecraft:birch_planks":24,"minecraft:stone_axe":1,"minecraft:cooked_mutton":6,"minecraft:air":0,"minecraft:dark_oak_door":3,"minecraft:charcoal":11,"minecraft:shield":1,"minecraft:stick":28,"minecraft:iron_ingot":39,"minecraft:iron_pickaxe":4,"minecraft:stone_pickaxe":2,"minecraft:stone_sword":1,"minecraft:chest":2,"minecraft:white_bed":1,"minecraft:dark_oak_planks":68},"minecraft:killed":{"minecraft:sheep":7,"minecraft:skeleton":2,"minecraft:zombie":12},"minecraft:mined":{"minecraft:tuff":146,"minecraft:white_bed":11,"minecraft:deepslate_diamond_ore":8,"minecraft:dark_oak_log":13,"minecraft:crafting_table":4,"minecraft:granite":4,"minecraft:grass_block":5,"minecraft:chest":2,"minecraft:cobblestone":7,"minecraft:diorite":8,"minecraft:furnace":4,"minecraft:birch_log":17,"minecraft:iron_ore":44,"minecraft:cobbled_deepslate":33,"minecraft:andesite":13,"minecraft:sculk_shrieker":2,"minecraft:deepslate_iron_ore":8,"minecraft:pointed_dripstone":3,"minecraft:coal_ore":14,"minecraft:gravel":2,"minecraft:dripstone_block":2,"minecraft:dirt":14,"minecraft:stone":296,"minecraft:deepslate":445},"minecraft:killed_by":{"minecraft:warden":1,"minecraft:zombie":1}},"DataVersion":3953}