{"stats":{"minecraft:mined":{"minecraft:white_bed":2,"minecraft:crafting_table":3,"minecraft:torch":1,"minecraft:dead_bush":1,"minecraft:tall_grass":13,"minecraft:birch_slab":2,"minecraft:oak_planks":4,"minecraft:oxeye_daisy":1,"minecraft:sandstone":1,"minecraft:hay_block":15,"minecraft:furnace":1,"minecraft:iron_ore":1,"minecraft:grass":57,"chococraft:gysahl_green":9,"minecraft:oak_log":6,"minecraft:coal_ore":41,"minecraft:sunflower":8,"minecraft:sand":1,"minecraft:stone":11,"minecraft:oak_leaves":1},"minecraft:crafted":{"minecraft:oak_planks":24,"minecraft:crafting_table":1,"minecraft:wooden_pickaxe":1,"minecraft:stone_axe":1,"minecraft:bread":45,"minecraft:stick":8,"minecraft:stone_pickaxe":1,"minecraft:white_bed":1,"minecraft:torch":8,"minecraft:wheat":135},"minecraft:picked_up":{"minecraft:crafting_table":3,"minecraft:wheat":1,"minecraft:birch_slab":2,"minecraft:leather":5,"minecraft:oak_log":6,"minecraft:string":2,"minecraft:bone":1,"chococraft:gysahl_green":22,"minecraft:wheat_seeds":13,"minecraft:beef":9,"minecraft:iron_ingot":3,"minecraft:poppy":1,"minecraft:oak_planks":4,"minecraft:furnace":1,"minecraft:raw_iron":1,"minecraft:torch":1,"minecraft:sand":1,"chococraft:gysahl_green_seeds":9,"minecraft:white_bed":2,"minecraft:hay_block":15,"alexsmobs:maggot":2,"minecraft:oxeye_daisy":1,"minecraft:mutton":6,"minecraft:coal":41,"minecraft:white_wool":4,"minecraft:cobblestone":11,"minecraft:sunflower":8},"minecraft:dropped":{"alexsmobs:maggot":2,"minecraft:wheat_seeds":7,"minecraft:wheat":1,"chococraft:gysahl_green_seeds":9,"minecraft:sunflower":1,"minecraft:string":1,"minecraft:bone":1},"minecraft:killed":{"minecraft:spider":1,"minecraft:iron_golem":1,"minecraft:sheep":4,"minecraft:cow":4},"minecraft:custom":{"minecraft:interact_with_furnace":1,"minecraft:mob_kills":10,"minecraft:interact_with_crafting_table":5,"minecraft:leave_game":1,"minecraft:time_since_death":40875,"minecraft:sleep_in_bed":2,"minecraft:climb_one_cm":11064,"minecraft:time_since_rest":18623,"minecraft:waystone_activated":3,"minecraft:sprint_one_cm":204519,"minecraft:damage_taken":658,"minecraft:walk_one_cm":141903,"minecraft:drop":22,"minecraft:damage_dealt":2071,"minecraft:swim_one_cm":25544,"minecraft:fly_one_cm":504036,"minecraft:open_chest":3,"minecraft:crouch_one_cm":1472,"minecraft:play_time":47173,"minecraft:deaths":2,"minecraft:sneak_time":663,"minecraft:walk_under_water_one_cm":2794,"minecraft:jump":1905,"minecraft:walk_on_water_one_cm":8427,"minecraft:total_world_time":47173,"minecraft:fall_one_cm":53121},"minecraft:killed_by":{"minecraft:iron_golem":1},"minecraft:used":{"minecraft:stone_pickaxe":48,"minecraft:oak_planks":4,"minecraft:wooden_pickaxe":7,"minecraft:torch":4,"minecraft:sand":1,"minecraft:crafting_table":3,"minecraft:white_bed":2,"minecraft:oxeye_daisy":1,"minecraft:sunflower":7,"minecraft:string":1,"minecraft:golden_leggings":1,"minecraft:stone_axe":35}},"DataVersion":3120}