{"stats":{"minecraft:crafted":{"minecraft:oak_planks":24,"minecraft:crafting_table":1,"minecraft:stick":8,"minecraft:wooden_pickaxe":1,"minecraft:stone_pickaxe":1,"minecraft:white_bed":1,"minecraft:torch":8,"minecraft:stone_axe":1},"minecraft:mined":{"minecraft:white_bed":2,"minecraft:furnace":1,"minecraft:iron_ore":1,"minecraft:crafting_table":2,"minecraft:grass":48,"minecraft:coal_ore":22,"chococraft:gysahl_green":9,"minecraft:oak_log":6,"minecraft:sunflower":8,"minecraft:sand":1,"minecraft:tall_grass":12,"minecraft:birch_slab":2,"minecraft:stone":9,"minecraft:sandstone":1,"minecraft:oxeye_daisy":1,"minecraft:oak_leaves":1},"minecraft:picked_up":{"minecraft:raw_iron":1,"minecraft:crafting_table":2,"minecraft:birch_slab":2,"minecraft:leather":5,"minecraft:sand":1,"minecraft:oak_log":6,"chococraft:gysahl_green_seeds":9,"minecraft:white_bed":2,"minecraft:string":2,"minecraft:bone":1,"chococraft:gysahl_green":22,"minecraft:wheat_seeds":8,"minecraft:beef":9,"alexsmobs:maggot":2,"minecraft:furnace":1,"minecraft:mutton":6,"minecraft:white_wool":4,"minecraft:coal":22,"minecraft:cobblestone":9,"minecraft:sunflower":8,"minecraft:oxeye_daisy":1},"minecraft:dropped":{"alexsmobs:maggot":2,"minecraft:wheat_seeds":7,"minecraft:sunflower":1,"chococraft:gysahl_green_seeds":9,"minecraft:string":1,"minecraft:bone":1},"minecraft:killed":{"minecraft:sheep":4,"minecraft:spider":1,"minecraft:cow":4},"minecraft:custom":{"minecraft:time_since_rest":401,"minecraft:waystone_activated":2,"minecraft:interact_with_furnace":1,"minecraft:sprint_one_cm":98483,"minecraft:damage_taken":578,"minecraft:walk_one_cm":110417,"minecraft:mob_kills":9,"minecraft:drop":21,"minecraft:damage_dealt":1071,"minecraft:swim_one_cm":14353,"minecraft:interact_with_crafting_table":4,"minecraft:fly_one_cm":229260,"minecraft:crouch_one_cm":1458,"minecraft:play_time":28951,"minecraft:deaths":2,"minecraft:sneak_time":650,"minecraft:walk_under_water_one_cm":1688,"minecraft:jump":981,"minecraft:walk_on_water_one_cm":4701,"minecraft:time_since_death":22653,"minecraft:sleep_in_bed":2,"minecraft:climb_one_cm":11064,"minecraft:total_world_time":28951,"minecraft:fall_one_cm":26122},"minecraft:used":{"minecraft:oxeye_daisy":1,"minecraft:sunflower":7,"minecraft:stone_pickaxe":27,"minecraft:string":1,"minecraft:wooden_pickaxe":7,"minecraft:torch":3,"minecraft:stone_axe":17,"minecraft:sand":1,"minecraft:crafting_table":2,"minecraft:white_bed":2},"minecraft:killed_by":{"minecraft:iron_golem":1}},"DataVersion":3120}