{"stats":{"minecraft:picked_up":{"minecraft:string":2,"minecraft:sunflower":1},"minecraft:mined":{"minecraft:grass":4,"minecraft:sunflower":1,"minecraft:tall_grass":5},"minecraft:dropped":{"minecraft:string":1},"minecraft:killed":{"minecraft:spider":1},"minecraft:custom":{"minecraft:time_since_rest":239,"minecraft:waystone_activated":1,"minecraft:crouch_one_cm":32,"minecraft:play_time":4951,"minecraft:sprint_one_cm":6992,"minecraft:deaths":1,"minecraft:damage_taken":80,"minecraft:walk_one_cm":31897,"minecraft:sneak_time":111,"minecraft:walk_under_water_one_cm":454,"minecraft:mob_kills":1,"minecraft:drop":1,"minecraft:jump":169,"minecraft:damage_dealt":160,"minecraft:time_since_death":207,"minecraft:walk_on_water_one_cm":558,"minecraft:total_world_time":4951,"minecraft:swim_one_cm":1010,"minecraft:fall_one_cm":2179,"minecraft:fly_one_cm":21923},"minecraft:used":{"minecraft:sunflower":1,"minecraft:string":1}},"DataVersion":3120}