{"stats":{"minecraft:mined":{"minecraft:crafting_table":1,"minecraft:grass":46,"chococraft:gysahl_green":9,"minecraft:oak_log":6,"minecraft:sunflower":8,"minecraft:tall_grass":10,"minecraft:stone":7,"minecraft:oxeye_daisy":1,"minecraft:oak_leaves":1},"minecraft:crafted":{"minecraft:oak_planks":24,"minecraft:crafting_table":1,"minecraft:stick":8,"minecraft:wooden_pickaxe":1,"minecraft:stone_pickaxe":1,"minecraft:stone_axe":1},"minecraft:picked_up":{"minecraft:crafting_table":1,"minecraft:oak_log":6,"chococraft:gysahl_green_seeds":9,"minecraft:string":2,"minecraft:bone":1,"chococraft:gysahl_green":22,"minecraft:wheat_seeds":7,"alexsmobs:maggot":2,"minecraft:cobblestone":7,"minecraft:sunflower":8,"minecraft:oxeye_daisy":1},"minecraft:dropped":{"alexsmobs:maggot":2,"minecraft:wheat_seeds":7,"minecraft:sunflower":1,"chococraft:gysahl_green_seeds":9,"minecraft:string":1,"minecraft:bone":1},"minecraft:killed":{"minecraft:spider":1},"minecraft:custom":{"minecraft:time_since_rest":10684,"minecraft:waystone_activated":1,"minecraft:sprint_one_cm":48673,"minecraft:damage_taken":528,"minecraft:walk_one_cm":73406,"minecraft:mob_kills":1,"minecraft:drop":21,"minecraft:damage_dealt":351,"minecraft:swim_one_cm":6440,"minecraft:interact_with_crafting_table":2,"minecraft:fly_one_cm":128723,"minecraft:crouch_one_cm":488,"minecraft:play_time":16951,"minecraft:deaths":2,"minecraft:sneak_time":282,"minecraft:walk_under_water_one_cm":814,"minecraft:jump":588,"minecraft:walk_on_water_one_cm":2905,"minecraft:time_since_death":10653,"minecraft:total_world_time":16951,"minecraft:fall_one_cm":16193},"minecraft:used":{"minecraft:oxeye_daisy":1,"minecraft:sunflower":7,"minecraft:string":1,"minecraft:wooden_pickaxe":7,"minecraft:stone_axe":1,"minecraft:crafting_table":1},"minecraft:killed_by":{"minecraft:iron_golem":1}},"DataVersion":3120}