{"stats":{"minecraft:mined":{"minecraft:grass":1,"minecraft:hay_block":14,"minecraft:sunflower":1,"minecraft:tall_grass":2},"minecraft:used":{"minecraft:sunflower":1},"minecraft:custom":{"minecraft:jump":91,"minecraft:time_since_rest":3998,"minecraft:waystone_activated":1,"minecraft:crouch_one_cm":164,"minecraft:sprint_one_cm":10263,"minecraft:leave_game":3,"minecraft:play_time":3998,"minecraft:damage_taken":10,"minecraft:time_since_death":3998,"minecraft:walk_one_cm":2480,"minecraft:sneak_time":33,"minecraft:total_world_time":3998,"minecraft:drop":1,"minecraft:fall_one_cm":1858,"minecraft:fly_one_cm":27056},"minecraft:picked_up":{"minecraft:hay_block":14,"minecraft:wheat_seeds":1,"minecraft:sunflower":1},"minecraft:dropped":{"minecraft:wheat_seeds":1}},"DataVersion":3120}