{"stats":{"minecraft:mined":{"minecraft:hay_block":17,"minecraft:grass":2,"minecraft:sunflower":1,"minecraft:tall_grass":2},"minecraft:used":{"minecraft:sunflower":1,"minecraft:bread":2},"minecraft:custom":{"minecraft:time_since_rest":11577,"minecraft:waystone_activated":2,"minecraft:crouch_one_cm":368,"minecraft:sprint_one_cm":18367,"minecraft:play_time":11577,"minecraft:damage_taken":27,"minecraft:walk_one_cm":10694,"minecraft:sneak_time":86,"minecraft:drop":1,"minecraft:jump":132,"minecraft:damage_dealt":15,"minecraft:leave_game":6,"minecraft:time_since_death":11577,"minecraft:total_world_time":11577,"minecraft:interact_with_crafting_table":1,"minecraft:fall_one_cm":2601,"minecraft:fly_one_cm":36129},"minecraft:crafted":{"minecraft:bread":69,"minecraft:wheat":144},"minecraft:picked_up":{"minecraft:wheat":64,"minecraft:wheat_seeds":2,"minecraft:hay_block":16,"minecraft:bread":10,"minecraft:sunflower":1},"minecraft:dropped":{"minecraft:wheat_seeds":1}},"DataVersion":3120}