{"stats":{"minecraft:picked_up":{"minecraft:orange_bed":1,"minecraft:wheat_seeds":1,"minecraft:sugar_cane":21,"alexsmobs:animal_dictionary":1},"minecraft:mined":{"minecraft:hay_block":3,"minecraft:grass":2,"minecraft:tall_grass":1,"minecraft:sugar_cane":7,"minecraft:orange_bed":1},"minecraft:dropped":{"minecraft:wheat_seeds":1,"alexsmobs:animal_dictionary":2},"minecraft:custom":{"minecraft:open_chest":1,"minecraft:time_since_rest":6082,"minecraft:waystone_activated":1,"minecraft:crouch_one_cm":156,"minecraft:play_time":6082,"minecraft:sprint_one_cm":28837,"minecraft:damage_taken":40,"minecraft:walk_one_cm":12643,"minecraft:sneak_time":72,"minecraft:walk_under_water_one_cm":424,"minecraft:drop":3,"minecraft:jump":285,"minecraft:leave_game":1,"minecraft:time_since_death":6082,"minecraft:walk_on_water_one_cm":1275,"minecraft:total_world_time":6082,"minecraft:swim_one_cm":5557,"minecraft:fall_one_cm":9876,"minecraft:fly_one_cm":68404},"minecraft:used":{"alexsmobs:animal_dictionary":1}},"DataVersion":3120}