{"stats":{"minecraft:crafted":{"minecraft:crafting_table":1,"minecraft:stick":4,"minecraft:wooden_pickaxe":1,"minecraft:acacia_planks":16},"minecraft:picked_up":{"minecraft:crafting_table":1,"minecraft:wheat":23,"minecraft:acacia_log":5,"minecraft:smoker":1,"minecraft:brewing_stand":1,"minecraft:string":1,"alexsmobs:animal_dictionary":1,"minecraft:orange_bed":3,"minecraft:wheat_seeds":68,"minecraft:hay_block":34,"minecraft:sugar_cane":32,"minecraft:melon_seeds":1},"minecraft:mined":{"minecraft:hay_block":34,"minecraft:wheat":25,"minecraft:smoker":1,"minecraft:crafting_table":1,"minecraft:brewing_stand":1,"minecraft:grass":9,"minecraft:acacia_log":4,"minecraft:tall_grass":1,"minecraft:sugar_cane":12,"minecraft:tripwire":1,"minecraft:orange_bed":3},"minecraft:dropped":{"minecraft:wheat_seeds":68,"alexsmobs:animal_dictionary":2,"minecraft:string":1,"minecraft:acacia_log":1},"minecraft:custom":{"minecraft:time_since_rest":401,"minecraft:waystone_activated":2,"minecraft:sprint_one_cm":62722,"minecraft:damage_taken":40,"minecraft:walk_one_cm":44885,"minecraft:drop":72,"minecraft:talked_to_villager":1,"minecraft:swim_one_cm":14279,"minecraft:interact_with_crafting_table":1,"minecraft:fly_one_cm":116360,"minecraft:open_chest":5,"minecraft:crouch_one_cm":3135,"minecraft:play_time":18082,"minecraft:sneak_time":787,"minecraft:walk_under_water_one_cm":727,"minecraft:jump":487,"minecraft:leave_game":1,"minecraft:walk_on_water_one_cm":3946,"minecraft:time_since_death":18082,"minecraft:sleep_in_bed":3,"minecraft:total_world_time":18082,"minecraft:fall_one_cm":16740},"minecraft:used":{"minecraft:wooden_pickaxe":22,"minecraft:orange_bed":2,"minecraft:crafting_table":1,"alexsmobs:animal_dictionary":1}},"DataVersion":3120}