{"stats":{"minecraft:mined":{"minecraft:cut_sandstone":2,"minecraft:hay_block":92,"minecraft:cactus":5,"minecraft:brown_mushroom":1,"minecraft:wheat":25,"minecraft:smoker":2,"minecraft:brewing_stand":1,"minecraft:crafting_table":1,"minecraft:grass":9,"minecraft:acacia_log":4,"minecraft:tall_grass":1,"minecraft:stone":1,"minecraft:sugar_cane":19,"minecraft:tripwire":1,"minecraft:orange_bed":3},"minecraft:used":{"minecraft:bread":10,"minecraft:wooden_pickaxe":36,"minecraft:brown_mushroom":1,"minecraft:orange_bed":3,"minecraft:crafting_table":1,"alexsmobs:animal_dictionary":2,"minecraft:acacia_planks":5},"minecraft:custom":{"minecraft:time_since_rest":8253,"minecraft:waystone_activated":5,"minecraft:sprint_one_cm":231749,"minecraft:damage_taken":354,"minecraft:walk_one_cm":125898,"minecraft:mob_kills":1,"minecraft:drop":77,"minecraft:damage_dealt":90,"minecraft:swim_one_cm":195775,"minecraft:interact_with_crafting_table":1,"minecraft:talked_to_villager":1,"minecraft:fly_one_cm":529606,"minecraft:open_chest":7,"minecraft:crouch_one_cm":6767,"minecraft:play_time":65624,"minecraft:sneak_time":1762,"minecraft:walk_under_water_one_cm":4277,"minecraft:jump":2029,"minecraft:leave_game":2,"minecraft:time_since_death":65624,"minecraft:walk_on_water_one_cm":24594,"minecraft:sleep_in_bed":4,"minecraft:total_world_time":65624,"minecraft:fall_one_cm":66223},"minecraft:crafted":{"minecraft:crafting_table":1,"minecraft:stick":4,"minecraft:wooden_pickaxe":1,"minecraft:acacia_planks":16},"minecraft:picked_up":{"minecraft:stick":1,"minecraft:crafting_table":1,"minecraft:feather":1,"minecraft:wheat":23,"minecraft:cut_sandstone":2,"minecraft:brown_mushroom":1,"minecraft:wooden_pickaxe":1,"minecraft:acacia_log":5,"minecraft:smoker":2,"minecraft:brewing_stand":1,"minecraft:string":1,"alexsmobs:animal_dictionary":2,"minecraft:orange_bed":3,"minecraft:cactus":10,"minecraft:wheat_seeds":68,"waystones:waystone":1,"minecraft:hay_block":92,"minecraft:melon_seeds":1,"minecraft:sugar_cane":51,"minecraft:cobblestone":1},"minecraft:dropped":{"minecraft:bread":1,"minecraft:wheat_seeds":68,"alexsmobs:animal_dictionary":3,"minecraft:cut_sandstone":2,"minecraft:feather":1,"minecraft:wooden_pickaxe":1,"minecraft:string":1,"minecraft:acacia_log":1},"minecraft:killed":{"alexsmobs:roadrunner":1}},"DataVersion":3120}