{"stats":{"minecraft:mined":{"minecraft:cut_sandstone":2,"minecraft:hay_block":92,"minecraft:cactus":5,"minecraft:brown_mushroom":1,"minecraft:wheat":25,"minecraft:smoker":2,"minecraft:brewing_stand":1,"minecraft:crafting_table":1,"minecraft:grass":9,"minecraft:acacia_log":4,"minecraft:mycelium":82,"minecraft:brown_mushroom_block":45,"minecraft:mushroom_stem":4,"minecraft:tall_grass":1,"minecraft:stone":1,"minecraft:sugar_cane":19,"minecraft:tripwire":1,"minecraft:orange_bed":4},"minecraft:used":{"waystones:waystone":1,"minecraft:bread":10,"minecraft:wooden_pickaxe":65,"minecraft:brown_mushroom":1,"minecraft:orange_bed":3,"minecraft:dirt":12,"minecraft:crafting_table":1,"minecraft:porkchop":1,"alexsmobs:animal_dictionary":2,"minecraft:acacia_planks":5},"minecraft:custom":{"minecraft:time_since_rest":20253,"minecraft:waystone_activated":7,"minecraft:sprint_one_cm":251584,"minecraft:damage_taken":374,"minecraft:walk_one_cm":157397,"minecraft:mob_kills":1,"minecraft:drop":77,"minecraft:damage_dealt":90,"minecraft:swim_one_cm":195775,"minecraft:interact_with_crafting_table":1,"minecraft:talked_to_villager":1,"minecraft:fly_one_cm":590652,"minecraft:open_chest":7,"minecraft:crouch_one_cm":9098,"minecraft:play_time":77624,"minecraft:sneak_time":2470,"minecraft:walk_under_water_one_cm":4277,"minecraft:jump":2256,"minecraft:leave_game":2,"minecraft:time_since_death":77624,"minecraft:walk_on_water_one_cm":24594,"minecraft:sleep_in_bed":4,"minecraft:total_world_time":77624,"minecraft:fall_one_cm":72597},"minecraft:crafted":{"minecraft:crafting_table":1,"minecraft:stick":4,"minecraft:wooden_pickaxe":1,"minecraft:acacia_planks":16},"minecraft:picked_up":{"minecraft:stick":1,"minecraft:crafting_table":1,"minecraft:feather":1,"minecraft:wheat":23,"minecraft:cut_sandstone":2,"minecraft:brown_mushroom":15,"minecraft:wooden_pickaxe":1,"minecraft:acacia_log":5,"minecraft:smoker":2,"minecraft:porkchop":1,"minecraft:brewing_stand":1,"minecraft:dirt":81,"minecraft:string":1,"alexsmobs:animal_dictionary":2,"minecraft:orange_bed":4,"minecraft:cactus":10,"smallships:dark_oak_drakkar":1,"minecraft:wheat_seeds":68,"waystones:waystone":1,"minecraft:hay_block":92,"minecraft:melon_seeds":1,"minecraft:sugar_cane":51,"minecraft:cobblestone":1,"minecraft:stone":128},"minecraft:dropped":{"minecraft:bread":1,"minecraft:wheat_seeds":68,"alexsmobs:animal_dictionary":3,"minecraft:cut_sandstone":2,"minecraft:feather":1,"minecraft:wooden_pickaxe":1,"minecraft:string":1,"minecraft:acacia_log":1},"minecraft:broken":{"minecraft:wooden_pickaxe":1},"minecraft:killed":{"alexsmobs:roadrunner":1}},"DataVersion":3120}