{"stats":{"minecraft:mined":{"minecraft:cut_sandstone":2,"minecraft:brown_mushroom":7,"minecraft:oak_sapling":4,"minecraft:smoker":2,"minecraft:brewing_stand":1,"minecraft:clay":9,"minecraft:crafting_table":1,"minecraft:acacia_log":4,"minecraft:mushroom_stem":16,"minecraft:brown_mushroom_block":135,"minecraft:tall_grass":1,"minecraft:sugar_cane":19,"minecraft:red_mushroom":1,"minecraft:hay_block":92,"minecraft:cactus":5,"minecraft:wheat":25,"minecraft:grass":9,"minecraft:oak_log":15,"minecraft:mycelium":459,"minecraft:dirt":11,"minecraft:red_mushroom_block":45,"minecraft:stone":1,"minecraft:oak_leaves":4,"minecraft:tripwire":1,"minecraft:orange_bed":4},"minecraft:used":{"minecraft:wooden_pickaxe":65,"minecraft:brown_mushroom":1,"minecraft:wooden_shovel":59,"minecraft:orange_bed":4,"minecraft:dirt":226,"minecraft:oak_slab":21,"minecraft:crafting_table":2,"minecraft:red_mushroom":1,"minecraft:smoker":2,"minecraft:wooden_axe":59,"waystones:waystone":1,"minecraft:wooden_hoe":59,"minecraft:bread":15,"minecraft:oak_sapling":70,"minecraft:porkchop":1,"alexsmobs:animal_dictionary":2,"minecraft:acacia_planks":5},"minecraft:custom":{"minecraft:mob_kills":1,"minecraft:traded_with_villager":64,"minecraft:interact_with_crafting_table":10,"minecraft:leave_game":2,"minecraft:time_since_death":119624,"minecraft:sleep_in_bed":6,"minecraft:time_since_rest":18950,"minecraft:waystone_activated":7,"minecraft:sprint_one_cm":301103,"minecraft:damage_taken":414,"minecraft:walk_one_cm":255838,"minecraft:drop":77,"minecraft:damage_dealt":90,"minecraft:swim_one_cm":195775,"minecraft:talked_to_villager":1,"minecraft:fly_one_cm":713665,"minecraft:open_chest":7,"minecraft:crouch_one_cm":19837,"minecraft:play_time":119624,"minecraft:sneak_time":6088,"minecraft:walk_under_water_one_cm":12864,"minecraft:jump":2742,"minecraft:walk_on_water_one_cm":25354,"minecraft:total_world_time":119624,"minecraft:fall_one_cm":83333},"minecraft:crafted":{"minecraft:oak_slab":24,"minecraft:oak_planks":60,"minecraft:wooden_shovel":1,"minecraft:crafting_table":1,"minecraft:wooden_pickaxe":1,"minecraft:bread":283,"minecraft:air":0,"minecraft:wooden_hoe":1,"minecraft:oak_sapling":64,"minecraft:stick":8,"minecraft:wooden_axe":1,"minecraft:acacia_planks":16,"minecraft:wheat":828},"minecraft:picked_up":{"minecraft:crafting_table":1,"minecraft:wheat":23,"minecraft:feather":1,"minecraft:clay_ball":36,"minecraft:cut_sandstone":2,"minecraft:brown_mushroom":64,"minecraft:red_mushroom":10,"minecraft:wooden_pickaxe":1,"minecraft:smoker":2,"minecraft:oak_log":15,"minecraft:brewing_stand":1,"minecraft:string":1,"minecraft:dirt":464,"minecraft:wheat_seeds":68,"minecraft:sugar_cane":51,"minecraft:stick":3,"minecraft:stone":128,"minecraft:acacia_log":5,"minecraft:porkchop":1,"alexsmobs:animal_dictionary":2,"minecraft:orange_bed":4,"minecraft:cactus":10,"waystones:waystone":1,"smallships:dark_oak_drakkar":1,"minecraft:hay_block":92,"minecraft:oak_sapling":7,"minecraft:melon_seeds":1,"alexsmobs:mungal_spores":1,"minecraft:cobblestone":1},"minecraft:dropped":{"minecraft:bread":1,"minecraft:wheat_seeds":68,"alexsmobs:animal_dictionary":3,"minecraft:feather":1,"minecraft:acacia_log":1,"minecraft:cut_sandstone":2,"minecraft:wooden_pickaxe":1,"minecraft:string":1},"minecraft:broken":{"minecraft:wooden_shovel":1,"minecraft:wooden_axe":1,"minecraft:wooden_hoe":1,"minecraft:wooden_pickaxe":1},"minecraft:killed":{"alexsmobs:roadrunner":1}},"DataVersion":3120}