{"stats":{"minecraft:mined":{"minecraft:podzol":23,"minecraft:white_bed":3,"minecraft:crafting_table":2,"minecraft:grass_block":3,"minecraft:spruce_leaves":1,"minecraft:oak_planks":4,"minecraft:hay_block":33,"minecraft:coarse_dirt":1,"mcwbridges:mud_brick_bridge":12,"minecraft:grass":12,"chococraft:gysahl_green":13,"minecraft:oak_log":6,"minecraft:sunflower":1,"minecraft:dirt":3,"minecraft:oak_leaves":3,"minecraft:fern":2},"minecraft:killed_by":{"minecraft:skeleton":1},"minecraft:used":{"minecraft:oak_planks":4,"minecraft:wooden_pickaxe":1,"minecraft:iron_sword":8,"minecraft:wooden_shovel":27,"minecraft:crafting_table":3,"minecraft:white_bed":4,"mcwbridges:mud_brick_bridge":10,"minecraft:wooden_axe":20,"minecraft:cornflower":1,"chococraft:gysahl_green_seeds":1,"minecraft:bread":4,"chococraft:gysahl_green":7,"alexsmobs:animal_dictionary":2},"minecraft:custom":{"minecraft:mob_kills":1,"minecraft:interact_with_crafting_table":13,"minecraft:leave_game":2,"minecraft:time_since_death":66872,"minecraft:sleep_in_bed":2,"minecraft:time_since_rest":2718,"minecraft:waystone_activated":5,"minecraft:sprint_one_cm":107348,"minecraft:damage_taken":1245,"minecraft:walk_one_cm":87255,"minecraft:drop":19,"minecraft:damage_dealt":620,"minecraft:swim_one_cm":18906,"minecraft:fly_one_cm":291927,"minecraft:player_kills":3,"minecraft:crouch_one_cm":535,"minecraft:play_time":67452,"minecraft:deaths":1,"minecraft:sneak_time":169,"minecraft:walk_under_water_one_cm":7376,"minecraft:jump":1375,"minecraft:walk_on_water_one_cm":10057,"minecraft:total_world_time":67452,"minecraft:fall_one_cm":46494},"minecraft:crafted":{"minecraft:oak_slab":60,"minecraft:wooden_shovel":1,"minecraft:wooden_pickaxe":1,"minecraft:iron_sword":1,"minecraft:bread":74,"minecraft:stick":12,"minecraft:wooden_axe":1,"minecraft:oak_fence":3,"minecraft:wheat":288},"minecraft:picked_up":{"minecraft:crafting_table":3,"minecraft:coarse_dirt":1,"minecraft:leather":5,"minecraft:oak_log":6,"minecraft:cornflower":2,"minecraft:dirt":28,"minecraft:string":1,"chococraft:gysahl_green":35,"chococraft:gold_gysahl":1,"minecraft:wheat_seeds":2,"minecraft:beef":8,"minecraft:iron_ingot":34,"alexsmobs:raccoon_tail":3,"minecraft:oak_planks":313,"chipped:clear_leaded_glass":64,"minecraft:dandelion":1,"minecraft:porkchop":64,"chococraft:gysahl_green_seeds":23,"minecraft:white_bed":4,"alexsmobs:animal_dictionary":1,"mcwbridges:mud_brick_bridge":12,"waystones:waystone":1,"minecraft:hay_block":32,"minecraft:white_concrete":192,"alexsmobs:maggot":1,"minecraft:sunflower":3},"minecraft:dropped":{"minecraft:bread":10,"minecraft:wheat_seeds":1,"minecraft:coarse_dirt":1,"alexsmobs:animal_dictionary":2,"minecraft:wheat":64,"chococraft:gysahl_green_seeds":11,"minecraft:cornflower":1,"minecraft:string":1,"minecraft:dandelion":1}},"DataVersion":3120}