{"stats":{"minecraft:mined":{"minecraft:podzol":23,"minecraft:hay_block":33,"minecraft:coarse_dirt":1,"minecraft:white_bed":3,"mcwbridges:mud_brick_bridge":7,"minecraft:crafting_table":2,"minecraft:grass":12,"chococraft:gysahl_green":13,"minecraft:grass_block":3,"minecraft:oak_log":6,"minecraft:sunflower":1,"minecraft:dirt":3,"minecraft:spruce_leaves":1,"minecraft:oak_leaves":3,"minecraft:fern":2},"minecraft:killed_by":{"minecraft:skeleton":1},"minecraft:used":{"mcwbridges:mud_brick_bridge":5,"minecraft:wooden_axe":11,"minecraft:cornflower":1,"chococraft:gysahl_green_seeds":1,"minecraft:wooden_pickaxe":1,"minecraft:wooden_shovel":27,"minecraft:crafting_table":3,"alexsmobs:animal_dictionary":2,"minecraft:white_bed":4,"chococraft:gysahl_green":7},"minecraft:custom":{"minecraft:time_since_rest":35964,"minecraft:waystone_activated":5,"minecraft:sprint_one_cm":90157,"minecraft:damage_taken":1184,"minecraft:walk_one_cm":71630,"minecraft:mob_kills":1,"minecraft:drop":8,"minecraft:damage_dealt":235,"minecraft:swim_one_cm":17205,"minecraft:interact_with_crafting_table":9,"minecraft:fly_one_cm":234110,"minecraft:crouch_one_cm":472,"minecraft:play_time":59701,"minecraft:deaths":1,"minecraft:sneak_time":161,"minecraft:walk_under_water_one_cm":5691,"minecraft:jump":1113,"minecraft:leave_game":1,"minecraft:time_since_death":59121,"minecraft:walk_on_water_one_cm":7427,"minecraft:sleep_in_bed":1,"minecraft:total_world_time":59701,"minecraft:fall_one_cm":41253},"minecraft:crafted":{"minecraft:oak_slab":60,"minecraft:wooden_shovel":1,"minecraft:stick":12,"minecraft:wooden_pickaxe":1,"minecraft:wooden_axe":1,"minecraft:oak_fence":3,"minecraft:bread":74,"minecraft:wheat":288},"minecraft:picked_up":{"minecraft:coarse_dirt":1,"minecraft:crafting_table":3,"minecraft:leather":5,"chipped:clear_leaded_glass":64,"minecraft:dandelion":1,"minecraft:porkchop":64,"minecraft:oak_log":6,"chococraft:gysahl_green_seeds":23,"minecraft:white_bed":4,"minecraft:cornflower":2,"minecraft:string":1,"minecraft:dirt":28,"alexsmobs:animal_dictionary":1,"chococraft:gysahl_green":35,"chococraft:gold_gysahl":1,"mcwbridges:mud_brick_bridge":7,"minecraft:wheat_seeds":2,"waystones:waystone":1,"minecraft:hay_block":32,"minecraft:iron_ingot":34,"minecraft:beef":8,"minecraft:white_concrete":192,"alexsmobs:maggot":1,"alexsmobs:raccoon_tail":3,"minecraft:oak_planks":309,"minecraft:sunflower":3},"minecraft:dropped":{"minecraft:wheat_seeds":1,"minecraft:coarse_dirt":1,"alexsmobs:animal_dictionary":2,"minecraft:cornflower":1,"chococraft:gysahl_green_seeds":11,"minecraft:string":1,"minecraft:dandelion":1}},"DataVersion":3120}