{"stats":{"minecraft:crafted":{"minecraft:wheat":288},"minecraft:picked_up":{"chococraft:gysahl_green":35,"chococraft:gold_gysahl":1,"minecraft:wheat_seeds":1,"minecraft:dandelion":1,"minecraft:hay_block":32,"minecraft:oak_log":6,"chococraft:gysahl_green_seeds":12,"alexsmobs:maggot":1,"minecraft:cornflower":1,"alexsmobs:animal_dictionary":1,"minecraft:string":1,"minecraft:sunflower":3},"minecraft:mined":{"minecraft:hay_block":33,"minecraft:grass":10,"minecraft:oak_log":6,"chococraft:gysahl_green":13,"minecraft:sunflower":1,"minecraft:oak_leaves":3},"minecraft:dropped":{"alexsmobs:animal_dictionary":2,"minecraft:string":1},"minecraft:custom":{"minecraft:time_since_rest":11591,"minecraft:waystone_activated":2,"minecraft:crouch_one_cm":389,"minecraft:play_time":12138,"minecraft:sprint_one_cm":36882,"minecraft:walk_one_cm":32637,"minecraft:damage_taken":819,"minecraft:deaths":1,"minecraft:sneak_time":115,"minecraft:walk_under_water_one_cm":318,"minecraft:mob_kills":1,"minecraft:drop":3,"minecraft:jump":382,"minecraft:damage_dealt":225,"minecraft:time_since_death":11558,"minecraft:walk_on_water_one_cm":1683,"minecraft:total_world_time":12138,"minecraft:interact_with_crafting_table":2,"minecraft:swim_one_cm":1380,"minecraft:fall_one_cm":14620,"minecraft:fly_one_cm":95425},"minecraft:used":{"chococraft:gysahl_green_seeds":1,"chococraft:gysahl_green":7,"alexsmobs:animal_dictionary":2},"minecraft:killed_by":{"minecraft:skeleton":1}},"DataVersion":3120}