{"stats":{"minecraft:crafted":{"minecraft:wooden_shovel":1,"minecraft:stick":8,"minecraft:wooden_axe":1,"minecraft:wheat":288},"minecraft:picked_up":{"minecraft:crafting_table":1,"minecraft:coarse_dirt":1,"minecraft:leather":5,"minecraft:dandelion":1,"minecraft:oak_log":6,"chococraft:gysahl_green_seeds":12,"minecraft:white_bed":2,"minecraft:dirt":27,"minecraft:cornflower":2,"minecraft:string":1,"alexsmobs:animal_dictionary":1,"chococraft:gysahl_green":35,"chococraft:gold_gysahl":1,"minecraft:wheat_seeds":1,"minecraft:hay_block":32,"minecraft:beef":8,"alexsmobs:raccoon_tail":3,"alexsmobs:maggot":1,"minecraft:oak_planks":128,"minecraft:sunflower":3},"minecraft:mined":{"minecraft:podzol":23,"minecraft:hay_block":33,"minecraft:coarse_dirt":1,"minecraft:white_bed":1,"minecraft:grass":12,"chococraft:gysahl_green":13,"minecraft:grass_block":2,"minecraft:oak_log":6,"minecraft:sunflower":1,"minecraft:dirt":3,"minecraft:spruce_leaves":1,"minecraft:oak_leaves":3,"minecraft:fern":2},"minecraft:dropped":{"alexsmobs:animal_dictionary":2,"minecraft:cornflower":1,"minecraft:string":1},"minecraft:custom":{"minecraft:time_since_rest":12401,"minecraft:waystone_activated":2,"minecraft:sprint_one_cm":83766,"minecraft:damage_taken":1099,"minecraft:walk_one_cm":47114,"minecraft:mob_kills":1,"minecraft:drop":4,"minecraft:damage_dealt":235,"minecraft:swim_one_cm":12110,"minecraft:interact_with_crafting_table":3,"minecraft:fly_one_cm":222609,"minecraft:crouch_one_cm":453,"minecraft:play_time":36138,"minecraft:deaths":1,"minecraft:sneak_time":148,"minecraft:walk_under_water_one_cm":1757,"minecraft:jump":1024,"minecraft:walk_on_water_one_cm":4189,"minecraft:time_since_death":35558,"minecraft:sleep_in_bed":1,"minecraft:total_world_time":36138,"minecraft:fall_one_cm":40266},"minecraft:killed_by":{"minecraft:skeleton":1},"minecraft:used":{"minecraft:cornflower":1,"chococraft:gysahl_green_seeds":1,"minecraft:wooden_shovel":27,"minecraft:crafting_table":1,"minecraft:white_bed":2,"chococraft:gysahl_green":7,"alexsmobs:animal_dictionary":2}},"DataVersion":3120}