{
  "minecraft:recipes/decorations/crafting_table": {
    "criteria": {
      "unlock_right_away": "2024-07-31 20:54:15 +0000"
    },
    "done": true
  },
  "minecraft:adventure/adventuring_time": {
    "criteria": {
      "minecraft:old_growth_birch_forest": "2024-07-31 20:55:11 +0000",
      "minecraft:old_growth_pine_taiga": "2024-07-31 20:54:16 +0000",
      "minecraft:taiga": "2024-07-31 20:55:09 +0000",
      "minecraft:grove": "2024-07-31 20:54:42 +0000"
    },
    "done": false
  },
  "DataVersion": 3953
}